,country,lastpage,hr1,hr2,gender,expertise1,expertise2,expertise3,expertise4,finance1,foi1,foi2,foi3,foi4,foi5[not_aware],foi5[not_covered],foi5[too_expensive],foi5[too_time_consuming],foi5[afraid_of_data_destruction],foi5[other],foi5[dont_know],foi5[prefer_not_to_say],foi5other,protectops1[sectraining],protectops1[e2e],protectops2,protectops3[encrypted_email],protectops3[vpn],protectops3[tor],protectops3[e2e_chat],protectops3[encrypted_hardware],protectops3[2fa],protectops3[other],protectops3other,protectops4,protectleg1,protectleg2,protectleg2no,protectleg3[free_counsel],protectleg3[cost_insurance],protectleg3[other],protectleg3other,constraintinter1,constraintinter2,constraintinter4[police_search],constraintinter4[seizure],constraintinter4[extortion],constraintinter4[violent_threat],constraintinter4[inspection_during_travel],constraintinter4[detention],constraintinter4[surveillance_signalling],constraintinter4[online_harassment],constraintinter4[entry_on_deny_lists],constraintinter4[exclusion_from_events],constraintinter4[public_defamation],constraintinter5[unsolicited_information],constraintinter5[invitations],constraintinter5[other],constraintinter5other,constraintinter6[gender],constraintinter6[political],constraintinter6[religious],constraintinter6[other],constraintinter6other,attitude1,attitude2,attitude3[rule_of_law],attitude3[civil_liberties],attitude3[effectiveness_of_intel],attitude3[legitimacy_of_intel],attitude3[trust_in_intel],attitude3[critique_of_intel],attitude3[prefer_not_to_say],attitude4[1],attitude4[2],attitude4[3],attitude4[4],attitude4[5],attitude4[6],attitude5[1],attitude5[2],attitude5[3],attitude5[4],attitude5[5],attitude5[6],attitude6[1],attitude6[2],attitude6[3],attitude6[4],attitude6[5],attitude6[6],surveytype
country,1.0,0.0,0.3541096598085351,0.37592670685628915,0.0,0.5100257750934946,0.0,0.25956569555377773,0.0931169675015506,0.18356706475615098,0.0,0.0,0.1355058504875332,0.23906644406866767,0.03388552678897118,0.0,0.0,0.0,0.0,0.02615899464537537,0.0,0.07106406132982085,1.0,0.0,0.0,0.3382177003794916,0.2678550002165392,0.4341713961248614,0.19616493324143225,0.32631432668760857,0.09230330925414737,0.0,0.0,1.0,0.0,0.3231330353717899,0.0,1.0,0.09579391311330303,0.18401242252659236,0.08824106777607864,0.0,0.0,0.0,0.049242979297941525,0.049242979297941525,0.42897752682268075,0.4308465868707922,0.1349077133039545,0.049242979297941525,0.1842495091421862,0.0,0.0,0.09180672648440909,0.140371887245025,0.0,0.0,0.1758811672677526,,0.0,0.0,0.0,0.055581309399099194,0.0,0.28679272458642546,0.330564085113538,0.12130204856739159,0.0,0.10160478059129036,0.0,0.0,0.0,0.0,0.0,0.34619345591371103,0.0,0.5063449051052742,0.0,0.0,0.45834630398576376,0.4925501343243403,0.8152803257084866,0.26174381082158366,0.22696164634542457,0.0,0.7517892533429016,0.0,0.0,0.0,0.0,0.6600580236493838,0.0
lastpage,0.0,1.0,0.0,0.0,0.7547345139990774,0.2536343100317849,0.0,0.0,0.1618686257822875,0.0,0.0,0.48966792624705674,0.4272444421214287,0.0,0.0,0.0,0.3996075049228488,0.0751209175789496,0.6519074843624377,0.3220398420526008,0.0,0.0,1.0,0.0,0.0,0.34087334622290044,0.10351891125831773,0.0,0.33509496462381266,0.18915126907155438,0.3785817580490065,0.0,0.0,1.0,0.0,0.0,0.171032955863543,1.0,0.0,0.0,0.2731960490747205,,0.4071016270164679,0.0,0.0,0.0,0.0,0.0,0.0,0.0,0.0,0.429010885912165,0.0,0.0,0.0,0.0,0.0,0.5004544450844896,,0.0,0.0,0.0,0.0,,0.0,0.0,0.5880669791104043,0.598918388957973,0.0,0.0,0.0,0.40335723561553677,0.0,0.24971211361974863,0.3330131051586109,0.0,0.36952738247537203,0.28769595481659876,0.32207038924316733,0.0,0.0,0.0,0.0,0.0,0.3081236291820791,0.0,0.08235476711837494,0.0,0.5427425932038654,0.14008271034280567,0.41317647458353285,0.775666956831765
hr1,0.3541096598085351,0.0,1.0,0.0,0.0,0.0,0.4214529854409591,0.6034424375246827,0.0,0.11393976760448862,0.2501938831281248,0.0,0.0,0.0,0.0,0.13433794066168106,0.0,0.18884054639815664,0.0,0.07203024640719306,0.0,0.0,1.0,0.0,0.9485829006971441,0.0,0.0,0.8530568251617751,0.16115608365752618,0.2085827990328957,0.4484885357135655,0.4435395570201029,0.0,1.0,0.7117360285566449,0.3089233453523347,0.11150037273507062,1.0,0.2711707680793533,0.16153259222941446,0.0,0.0,0.0,0.0,0.2221264049048615,0.2221264049048615,0.0,0.0,0.0,0.2221264049048615,0.18237321368016404,0.0,0.38404941885883137,0.2547228112600553,0.0,0.0,0.0,0.0,,0.26997087719470025,0.0,0.0,0.0,0.0,0.0,0.3817483967254399,0.0,0.0,0.0,0.2710844300055762,0.0,0.1412612498617362,0.0,0.2581359558948587,0.0,0.43407164158322864,0.4267694167851372,0.0,0.04939372792292948,0.2765934841106386,0.0,0.27225609498713604,0.5392667955739942,0.0,0.0,0.385967511204297,0.0,0.30471638643792376,0.4007271704582217,0.0,0.0,0.2495230373243084
hr2,0.37592670685628915,0.0,0.0,1.0,0.0,0.42732006692131974,0.23846579014663954,0.0,0.227902764838816,0.47059133494943345,0.0,0.3086275730112338,0.0,0.9081750120317624,0.0,0.2274390985899483,0.0,0.0,0.0,0.0,0.0,0.0,1.0,0.0,0.0,0.22433696362271785,0.349608075102236,0.0,0.1857961992760957,0.47412684989384357,0.0,0.12003677089034058,0.3707829421408166,1.0,0.0,0.29332471196976007,0.026226606145745072,1.0,0.0,0.0,0.0,0.0,0.0,0.19054617499386736,0.0,0.0,0.0,0.22419742825897537,0.0,0.0,0.0,0.0,0.2615277786303569,0.26177929984825726,0.0,0.0,0.0,0.4428141452453876,1.0,0.0,0.0,0.0,0.5263958883223785,,0.6298309840564519,0.0,0.08169391075383545,0.0,0.0,0.0,0.37005869454538104,0.0,0.0,0.5595035924622194,0.018830849445767576,0.6447463904906233,0.24454718123381863,0.0,0.33439279835484376,0.0,0.318035268704108,0.4369989043581504,0.29241213046453507,0.24114373392872232,0.7326629294777759,0.0,0.0,0.209181112808527,0.0,0.49640555947890586,0.0,0.32718491208226613
gender,0.0,0.7547345139990774,0.0,0.0,1.0,0.0,0.0,0.0,0.0,0.2915229545342847,0.0,0.26122104921554673,0.0,0.0,0.0,0.24111648784425121,0.0,0.0,0.0,0.22504431636834,0.0,0.0,1.0,0.0,0.0,0.0,0.0,0.1470710606619388,0.4387046645860129,0.0,0.0,0.0,0.0,1.0,0.0,0.0,0.0,1.0,0.0,0.0,0.11606835702547791,,0.0,0.0,0.0,0.0,0.0,0.0,0.0,0.0,0.0,0.0,0.0,0.0,0.0,0.0,0.0,0.0,,0.23517618936520535,0.0,0.0,0.0,,0.0,0.1808571814461652,0.5347440966553081,0.46560602804591505,0.06366233563308042,0.22579121679422592,0.06366233563308042,0.3381112004771027,0.0,0.2995965990837773,0.21015581052380686,0.0,0.0,0.5081811882240563,0.0,0.0,0.0,0.0,0.08332507044565587,0.4129278980064323,0.0,0.0,0.6518596132196848,0.3679834001575644,0.7131435481406007,0.0,0.0,0.015301609461705237
expertise1,0.5100257750934946,0.2536343100317849,0.0,0.42732006692131974,0.0,1.0,0.0,0.3469716140535467,0.5554958127730504,0.0,0.0,0.0,0.0,0.330210549412735,0.0,0.24600514750099706,0.0,0.24206742228039688,0.0,0.0,0.0,0.0,1.0,0.0,0.4057800456638184,0.0,0.27683422143309366,0.22697128525572977,0.3775963644091842,0.4849061788260833,0.0,0.0,0.4593103055412921,1.0,0.43049809922061194,0.3574051902670173,0.0,1.0,0.34141856459151654,0.6527834876844448,0.4702340779636318,0.0,0.24310593762434313,0.0,0.26843002364244717,0.26843002364244717,0.0,0.0,0.17163599642309268,0.26843002364244717,0.0,0.39531392893725814,0.0,0.0,0.0,0.4265173214743538,0.0,0.0,1.0,0.0,0.0,0.41296376058980894,0.6202035853517301,0.0,0.260424192441614,0.298893515885677,0.1227067962188819,0.22973615574479223,0.0,0.4078424712237637,0.0,0.28715661369302403,0.8275885589621303,0.3237691560436366,0.38701797138315075,0.0,0.0,0.6576135154157556,0.48731101668605503,0.0,0.25790115751470455,0.40503449445460893,0.0,0.7585616046971441,0.371035079921966,0.24869302291686307,0.0,0.0,0.0,0.13217293004267627,0.2454092621255971,0.29420895528443375
expertise2,0.0,0.0,0.4214529854409591,0.23846579014663954,0.0,0.0,1.0,0.8286985783691088,0.18553986674245962,0.0,0.0,0.0,0.0,0.23107942271500675,0.024217215578068007,0.0,0.0,0.0920812586123473,0.0,0.0,0.024217215578068007,0.0,1.0,0.0,0.0,0.0,0.0,0.4688382850289717,0.10790455320454638,0.0,0.0,0.2362251855381886,0.4351149678700165,1.0,0.19520215452601256,0.3508152767471253,0.0,1.0,0.0,0.25595447917349934,0.5646199411966485,,0.0,0.0,0.0,0.0,0.08893648918737433,0.0,0.16625879483911726,0.0,0.0,0.0,0.0,0.0,0.0,0.0,0.18894335644553134,0.13866299448130925,1.0,0.0,0.0,0.0,0.0,,0.3616428588447756,0.0,0.0,0.0,0.0,0.0,0.06590953897610269,0.0,0.0,0.21279121569102058,0.0,0.11387934968049954,0.0,0.0,0.5318144154863382,0.0,0.0,0.0,0.29369117062691247,0.0,0.0,0.21389477705650484,0.0,0.0,0.3252795767654954,0.0,0.0,0.018876531127228636
expertise3,0.25956569555377773,0.0,0.6034424375246827,0.0,0.0,0.3469716140535467,0.8286985783691088,1.0,0.26759030478107276,0.30717160293783824,0.0,0.0,0.0,0.35019279271250975,0.0,0.0,0.0,0.14863280709120152,0.0,0.0,0.0,0.0,1.0,0.0,0.0,0.29465411538726616,0.0,0.6269795777797458,0.0,0.0,0.0,0.0,0.0,1.0,0.4446243622671883,0.39242135117234334,0.1788876133504575,1.0,0.0,0.17753158916821057,0.7203215166414764,0.0,0.0,0.0,0.0,0.0,0.0,0.0,0.5587811267659734,0.0,0.0,0.0,0.0,0.0,0.0,0.0,0.0,0.3088817479570765,1.0,0.0,0.0,0.3842772501088083,0.22367847577369235,0.0,0.0,0.31462199866952273,0.06474440660205766,0.0,0.22526267838052932,0.0,0.0,0.11725930152800959,0.0,0.332656131723458,0.0,0.3839830021187343,0.0,0.3981715627248267,0.0,0.03975679917622398,0.0,0.203748737442243,0.354280710225786,0.2282373455050545,0.4895083826089143,0.27351197915318043,0.0,0.0,0.0,0.3344671222887243,0.5193935902426001,0.14716985701708651
expertise4,0.0931169675015506,0.1618686257822875,0.0,0.227902764838816,0.0,0.5554958127730504,0.18553986674245962,0.26759030478107276,1.0,0.4136536117814424,0.0,0.0,0.0,0.23248236834568028,0.5620548447007788,0.1598701849446903,0.0,0.0,0.0,0.0,0.36037110527697364,0.11229848293407009,1.0,0.6225704725405349,0.0,0.0,0.0,0.0,0.10299046664917566,0.0,0.49347319297718223,0.0,0.3414217054687397,1.0,0.0,0.0,0.0,1.0,0.0,0.16101348193647727,0.0,0.0,0.0,0.2255166259388923,0.0,0.0,0.0,0.5052033307931026,0.12731623815695126,0.0,0.0,0.0,0.0,0.13369894777934005,0.0,0.23857877719448478,0.3053379386249643,0.23680000148389452,1.0,0.0,0.1531658085775269,0.0,0.0,,0.2210834132677924,0.27849157772583677,0.0,0.09543031031250032,0.0,0.0,0.0,0.0,0.0,0.0,0.0,0.0,0.13895967487358793,0.1923386223220453,0.5911747998993659,0.0,0.0,0.0,0.0,0.0,0.0,0.0,0.0,0.0,0.23066094691407918,0.0,0.3408752877177756,0.0
finance1,0.18356706475615098,0.0,0.11393976760448862,0.47059133494943345,0.2915229545342847,0.0,0.0,0.30717160293783824,0.4136536117814424,1.0,0.0,0.6104147156792372,0.4203268284594042,0.0,0.0,0.0,0.0,0.19112452211223088,0.08808563218071554,0.21524613796416395,0.08808563218071554,0.20891280704242887,1.0,0.0,0.0,0.0,0.14253380330425025,0.29758994565865043,0.503132863925592,0.0,0.0,0.4163302148622682,0.10081196202928146,1.0,0.0,0.0,0.2746954802395556,1.0,0.0,0.0,0.0,0.0,0.0,0.23336974168350988,0.0,0.0,0.0,0.5092789432506701,0.0,0.0,0.0,0.0,0.0,0.1508163463417064,0.0,0.1470820971338801,0.3390923731176365,0.0,1.0,0.0,0.3353169433045529,0.0,0.0,0.0,0.36507926605530155,0.35793343223341906,0.3030557479693069,0.03639133298149731,0.0,0.0,0.0,0.0,0.14657117938358474,0.0,0.3163499139863814,0.0,0.0,0.542514651738043,0.21638659102922753,0.0,0.0,0.33508828265093316,0.14456738674574848,0.5472136980725496,0.0,0.0,0.05670752318775279,0.2592013023963924,0.0,0.0,0.0,0.2831192431774508
foi1,0.0,0.0,0.2501938831281248,0.0,0.0,0.0,0.0,0.0,0.0,0.0,1.0,,,,0.0,0.18868381237624263,0.0,0.1774745144818443,0.0,0.19973909241392857,0.0,0.0,,0.5105423512919921,0.8053947961165558,0.36458612125574424,0.7708642502536889,0.6944292010866128,0.4903476380221389,0.5127436122856283,0.4019335000915132,0.5117928765931152,0.0,1.0,0.0,0.0,0.3243535687323135,1.0,0.18171673532647437,0.0,0.11761809925907285,0.0,0.21888965952380587,0.0,0.0,0.0,0.0,0.0,0.07902129404834546,0.0,0.09275037120927243,0.0,0.0,0.2861996067448618,0.0,0.1846131847844834,0.18075448531275837,0.12510382459149932,,0.0,0.0,0.05741655893128175,0.0,0.0,0.2682660186569843,0.10419822509329191,0.0,0.0,0.0,0.0,0.29166044750804476,0.0,0.14046113231999133,0.5442656267600344,0.0,0.0,0.0,0.0,0.0,0.0,0.0,0.0763453984654978,0.70806772596744,0.0,0.0,0.0,0.0,0.0,0.21709674479917446,0.4078482499104268,0.12073805651931867,0.08383304668988346
foi2,0.0,0.48966792624705674,0.0,0.3086275730112338,0.26122104921554673,0.0,0.0,0.0,0.0,0.6104147156792372,,1.0,0.0,0.0,,,,,,,,,,0.0,,0.498697322373144,0.5677744728969999,0.0,0.27604995720734904,0.0,0.7337730228522642,0.0,0.3142565102983008,,0.0,0.0,0.6228937410714022,1.0,0.8167691461625137,0.0,0.0,,0.0,1.0,,,0.3517175874357706,0.0,0.8130196770894832,,0.0,0.8238775877890527,0.0,0.0,0.0,0.0,0.0,0.0,,,0.9813984998661494,0.0,0.7147724739167789,,0.0,0.0,0.0,0.0,0.0,0.0,0.0,0.0,0.0,0.0,0.7207728174393394,0.0,0.7861927635159001,0.0,0.789229829205165,0.0,0.6991405761012337,0.7640952534678389,0.3860450245128244,0.20285056418491346,0.8391631103621006,0.8508146109971424,0.8576432487375555,0.0,0.0,0.21676929383735993,0.5958942589565669,0.8634081899158422
foi3,0.1355058504875332,0.4272444421214287,0.0,0.0,0.0,0.0,0.0,0.0,0.0,0.4203268284594042,,0.0,1.0,0.1644543649468519,,,,,,,,,,0.0,,0.0,0.0,0.5551943137273989,0.0,0.4872536293867229,0.29883945932475653,0.33251959225593064,0.0,,0.0,0.5312175380206148,0.18356628990739618,1.0,0.0,0.0,0.28715107500598464,,0.0,0.0,,,0.5945908134421621,0.0,0.22391918622536394,,0.5152922418215133,0.7844035086192794,0.0,0.2933603134518188,0.7087467601164076,0.4304709465876524,0.4304709465876524,0.1925630768377213,,,0.0,0.0,0.0,,0.1663885313804677,0.3434711830517114,0.1508716604750983,0.0,0.0,0.0,0.0,0.0,0.0,0.0,0.17249312799512742,0.0,0.0,0.5267329117338134,0.4229540337968951,0.0,0.8688180939047137,0.8578619646429443,0.6966450352887655,0.0,0.32335864008212584,0.49507075570309295,0.0,0.0,0.0,0.38917508340377477,0.8756726136417888,0.23798579886514
foi4,0.23906644406866767,0.0,0.0,0.9081750120317624,0.0,0.330210549412735,0.23107942271500675,0.35019279271250975,0.23248236834568028,0.0,,0.0,0.1644543649468519,1.0,,,,,,,,,,0.0,,0.0,0.2172723323939773,0.0,0.0,0.0,0.0,0.589750110295209,0.0,,0.4188713769778728,0.0,0.7182683586525608,,0.0,0.3992635531988169,0.0,,0.584438778593599,0.0,,,0.0,0.2769342830091077,0.0,,0.24047502434616597,0.2634202683206122,0.0,0.0,0.7238792188723502,0.0,0.0,0.0,,,0.0,0.0,0.0,,0.0,0.3902141844775947,0.0,0.0,0.4422475355171076,0.26774754383518845,0.0,0.0,0.0,0.6684264629777474,0.0,0.0,0.0,0.0,0.0,0.0,0.0,0.0,0.0,0.3639966530944857,0.0,0.12957242204412334,0.16998646991438932,0.6623497802917171,0.9752410622338569,0.0,0.9623669742543483,0.0
foi5[not_aware],0.03388552678897118,0.0,0.0,0.0,0.0,0.0,0.024217215578068007,0.0,0.5620548447007788,0.0,0.0,,,,1.0,0.0,0.4878176618060086,0.0,0.6882363591308515,0.0,0.6882363591308515,0.3827423046612275,,1.0,0.0,0.0,0.1950147735558835,0.0,0.0,0.11577531712803507,0.19787750600962506,0.0,,,0.0,0.0,0.2012285556478899,,0.0,0.0,,,0.09704992698451921,0.4653638554448267,0.6766419955740316,0.6766419955740316,0.0,0.0,0.0,0.6766419955740316,0.0,0.0,0.0,0.0,0.0,0.0,0.0,0.0,,0.6759585132582212,0.0,0.6759585132582212,0.0,,0.0,0.7308524522526367,0.0,0.0,0.21975551538526888,0.0,0.21975551538526888,0.0,0.4878176618060086,0.16331470844445262,0.0,0.0,0.0,0.0,0.48159536780099926,0.0,0.47413192085446787,0.0,0.0,0.13484897205315055,0.0,0.0,0.0,0.05952144067366574,0.0,0.0,0.0,0.0
foi5[not_covered],0.0,0.0,0.13433794066168106,0.2274390985899483,0.24111648784425121,0.24600514750099706,0.0,0.0,0.1598701849446903,0.0,0.18868381237624263,,,,0.0,1.0,0.0,0.0,0.0,0.10094145206907587,0.0,0.0,1.0,0.0,0.0,0.0,0.15554128590302627,0.0,0.0,0.0,0.0,0.0,0.0,1.0,0.19000258600441575,0.0,0.06010603801808959,1.0,0.7425678938794672,0.5223264006095817,0.574253580964661,0.0,0.0,0.0,0.0,0.0,0.0,0.0,0.23995251876395704,0.0,0.0,0.2854454727467859,0.20696073380175425,0.397973010824486,0.38148232204163984,0.0,0.0,0.0,1.0,0.0,0.04851645786424827,0.0,0.0,0.0,0.0,0.13206650628820135,0.37538499540157444,0.2387868141775349,0.1828894082227718,0.1553145911560504,0.0,0.0,0.0,0.0,0.15049529189848682,0.0,0.0,0.0,0.0,0.14184055698767523,0.0,0.0,0.0,0.0,0.0,0.12326166537047364,0.0,0.27422028357393213,0.5151968304057499,0.0,0.0,0.12152858928572981
foi5[too_expensive],0.0,0.3996075049228488,0.0,0.0,0.0,0.0,0.0,0.0,0.0,0.0,0.0,,,,0.4878176618060086,0.0,1.0,0.3287387208717484,0.4878176618060086,0.0,0.4878176618060086,0.21471594593363622,,0.0,0.0,0.0,0.1950147735558835,0.0,0.0,0.0,0.0,0.0,,,0.0,0.0,0.2012285556478899,,0.0,0.0,,,0.09704992698451921,0.4653638554448267,0.6766419955740316,0.6766419955740316,0.0,0.0,0.0,0.6766419955740316,0.0,0.0,0.0,0.0,0.0,0.39753943762975524,0.39753943762975524,0.36462807053526586,,0.6759585132582212,0.0,0.6759585132582212,,,0.0,0.0,0.0,0.0,0.0,0.0,0.0,0.0,0.3106498323478277,0.16331470844445262,0.0,0.0,0.0,0.0,0.0,0.0,0.0,0.0,0.0,0.0,0.0,0.0,0.3352189427398897,0.0,0.0,0.0,0.0,0.0
foi5[too_time_consuming],0.0,0.0751209175789496,0.18884054639815664,0.0,0.0,0.24206742228039688,0.0920812586123473,0.14863280709120152,0.0,0.19112452211223088,0.1774745144818443,,,,0.0,0.0,0.3287387208717484,1.0,0.0,0.04147274227911588,0.0,0.0,1.0,0.0,0.0,0.0,0.0,0.3457625294782299,0.0,0.2907902561328984,0.08741095753754147,0.18781529687092346,0.3212537290140137,,0.3336988674656795,0.3848590887908235,0.0,1.0,0.0,0.0,0.0,,0.0,0.0,0.05704302804544731,0.05704302804544731,0.0,0.0,0.0,0.05704302804544731,0.0,0.37568051999776847,0.04459005490536442,0.0,0.25817855211693513,0.0,0.0,0.0,1.0,0.12785204970938532,0.0,0.1278520497093854,0.6993607582932619,,0.0,0.0,0.0,0.0,0.0,0.0,0.0,0.0,0.0,0.6580770353105541,0.0,0.3209850464626172,0.4204967233418794,0.0,0.0,0.0,0.7043695158321854,0.38100535988192047,0.0,0.0,0.0,0.610586465012157,0.0,0.0,0.0,0.0,0.0,0.0
foi5[afraid_of_data_destruction],0.0,0.6519074843624377,0.0,0.0,0.0,0.0,0.0,0.0,0.0,0.08808563218071554,0.0,,,,0.6882363591308515,0.0,0.4878176618060086,0.0,1.0,0.0,0.6882363591308515,0.3827423046612275,,0.0,0.0,0.0,0.1950147735558835,0.0,0.0,0.11577531712803507,0.19787750600962506,0.0,,,0.0,0.0,0.626828300370919,,0.0,0.0,,,0.0,0.4653638554448267,0.6766419955740316,0.6766419955740316,0.0,0.0,0.0,0.6766419955740316,0.0,0.6192068955118037,0.0,0.0,0.0,0.39753943762975535,0.0,,,0.6759585132582212,0.0,0.6759585132582212,0.0,,,,0.0,0.0,0.21975551538526888,0.0,0.21975551538526888,0.0,0.4878176618060086,,,,,,,,,,,,,,,,,,,0.0
foi5[other],0.02615899464537537,0.3220398420526008,0.07203024640719306,0.0,0.22504431636834,0.0,0.0,0.0,0.0,0.21524613796416395,0.19973909241392857,,,,0.0,0.10094145206907587,0.0,0.04147274227911588,0.0,1.0,0.0,0.0,,0.39960714066440906,0.13107617640588962,0.0,0.0,0.0,0.25448723076995794,0.0,0.0,0.1413768263240234,0.0,1.0,0.0,0.0,0.23481705932654148,1.0,0.0,0.0,0.25130836323554107,,0.21054645466617142,0.0,0.0,0.0,0.0,0.0,0.0,0.0,0.16493950037115893,0.0,0.0,0.36055793736904757,0.0,0.1470215976978321,0.11670120399297412,0.0,1.0,0.0,0.0,0.0,0.0,,0.0,0.0,0.0,0.0,0.0,0.10522148288254225,0.0,0.0,0.0,0.024169455331252986,0.1092276018755739,0.0,0.0,0.0,0.18381213146881983,0.043201533606196905,0.0,0.5301554864047311,0.30662214864094156,0.14021596840591952,0.0,0.0,0.0,0.0,0.7701774502513873,0.4907064820023076,0.0,0.2886145488670253
foi5[dont_know],0.0,0.0,0.0,0.0,0.0,0.0,0.024217215578068007,0.0,0.36037110527697364,0.08808563218071554,0.0,,,,0.6882363591308515,0.0,0.4878176618060086,0.0,0.6882363591308515,0.0,1.0,0.3827423046612275,,0.0,0.0,0.0,0.1950147735558835,0.0,0.2692142009405629,0.0,0.42517109813736104,0.0,1.0,1.0,0.0,0.0,0.4052513020211578,,0.0,0.0,0.0,,0.09704992698451921,0.4653638554448267,0.6766419955740316,0.6766419955740316,0.0,0.0,0.6192068955118037,0.6766419955740316,0.0,0.0,0.20510973350773656,0.3889504765007494,0.0,0.0,0.8731656096643875,0.5064852186878812,,0.6759585132582212,0.0,0.6759585132582212,0.0,,0.0,0.0,0.0,0.0,0.21975551538526888,0.0,0.21975551538526888,0.0,0.4878176618060086,0.0,0.0,0.0,0.20274217700981115,,,0.0,0.0,0.0,,,,,,,,,,0.0
foi5[prefer_not_to_say],0.07106406132982085,0.0,0.0,0.0,0.0,0.0,0.0,0.0,0.11229848293407009,0.20891280704242887,0.0,,,,0.3827423046612275,0.0,0.21471594593363622,0.0,0.3827423046612275,0.0,0.3827423046612275,1.0,,0.0,0.0,0.0,0.0,0.0,0.0,0.14641560363239772,0.0,0.0,0.09375547938735848,,0.0,0.0,0.0,,0.0,0.0,0.639160198177619,,0.0,0.4653638554448267,0.6766419955740316,0.6766419955740316,0.0,0.0,0.0,0.6766419955740316,0.8726547005989765,0.0,0.0,0.0,0.0,0.0,0.0,0.0,,0.6759585132582212,0.43921903615958685,0.6759585132582212,,,0.2251722451375501,0.0,0.0,0.0,0.0,0.0,0.0,0.0,0.21471594593363622,0.0,0.0,,,,,0.0,,,,,,0.24469224717799273,0.6359800252480223,,,,,0.10395815125424916
foi5other,1.0,1.0,1.0,1.0,1.0,1.0,1.0,1.0,1.0,1.0,,,,,,1.0,,1.0,,,,,1.0,1.0,1.0,1.0,1.0,1.0,1.0,1.0,1.0,1.0,1.0,,1.0,1.0,1.0,1.0,1.0,1.0,1.0,,1.0,,,,,,1.0,,1.0,1.0,1.0,,1.0,1.0,1.0,1.0,,1.0,,,,,1.0,1.0,1.0,1.0,1.0,1.0,,1.0,,1.0,1.0,1.0,1.0,1.0,1.0,1.0,1.0,1.0,1.0,1.0,1.0,1.0,1.0,1.0,1.0,1.0,1.0,1.0
protectops1[sectraining],0.0,0.0,0.0,0.0,0.0,0.0,0.0,0.0,0.6225704725405349,0.0,0.5105423512919921,0.0,0.0,0.0,1.0,0.0,0.0,0.0,0.0,0.39960714066440906,0.0,0.0,1.0,1.0,0.6712919670401682,0.13161684205486246,0.7714263928942142,0.603388395022352,0.48132168113214413,0.6545267531108894,0.5402532145369671,0.8996639874887945,0.5755846512514083,1.0,0.4128694899819949,0.22876810164619205,0.750698232149809,1.0,0.5476616857606065,0.4503189668436152,0.16723383160673855,,0.1283001538017387,0.0,0.8709716141224315,0.8709716141224315,0.26092972609061194,0.26299594347078287,0.7052342152497093,0.8709716141224315,0.5270420513819095,0.7094471726127818,0.26913245648729345,0.739880384010779,0.6938608088091652,0.5486462515621108,0.6085004441388684,0.47048359270884,1.0,0.0,0.0,0.0,0.0,,0.0,0.7375168153530809,0.0,0.29042211511617344,0.1692943061396873,0.0,0.4078905903578238,0.401295812690397,0.0,0.36168565683152737,0.0,0.0,0.32935543400774203,0.0,0.22433506611878526,0.0,0.35151044772708046,0.3208764596792792,0.5910116300675414,0.0,0.0,0.0,0.0,0.0,0.0,0.0,0.6664824947593087,0.09795897635047007
protectops1[e2e],0.0,0.0,0.9485829006971441,0.0,0.0,0.4057800456638184,0.0,0.0,0.0,0.0,0.8053947961165558,,,,0.0,0.0,0.0,0.0,0.0,0.13107617640588962,0.0,0.0,1.0,0.6712919670401682,1.0,,0.9296768508870464,0.8423786927958797,0.6837223529945204,0.6987589552321005,0.5828589211290678,0.663629390745328,0.45466498395514626,,0.730479011755773,0.3555674531720027,0.45383008143763165,1.0,0.32922820078102755,0.29969739882660407,0.0,,0.0,0.0,0.43921903615958746,0.43921903615958746,0.6008661235430479,0.6035462701393233,0.4517276379389195,0.43921903615958746,0.2688852058003823,0.4499465421050611,0.611415911609779,0.4538108994302318,0.4505108284780615,0.2875991851689133,0.29454230527452596,0.30091586611798443,,0.0,0.0,0.0,0.0,,0.0,0.2243969285824314,0.08760064716755672,0.0,0.09456198086678541,0.1064136106821556,0.15835899226346284,0.0880409244359427,0.0,0.32788779290747905,0.0,0.0,0.702843033296953,0.0,0.0,0.0,0.0,0.4700227983993065,0.7112736379814958,0.0,0.0,0.527246432329534,0.0,0.0,0.3329975055503186,0.0,0.1300012644077726,0.0
protectops2,0.3382177003794916,0.34087334622290044,0.0,0.22433696362271785,0.0,0.0,0.0,0.29465411538726616,0.0,0.0,0.36458612125574424,0.498697322373144,0.0,0.0,0.0,0.0,0.0,0.0,0.0,0.0,0.0,0.0,1.0,0.13161684205486246,,1.0,0.0,0.08299168130155858,0.24295849983765008,0.0,0.0,0.1537008666850111,0.22907202487063422,1.0,0.0,0.0,0.0,1.0,0.11020746121441408,0.37089335623713027,0.0,,0.0,0.6288790992579949,,,0.0,0.0,0.0,,0.39641912807166474,0.17315417824719573,0.0,0.2152585127545133,0.29310725980417984,0.0,0.0,0.548723218944416,1.0,0.0,0.3881866641711496,0.0,0.7822283812952809,0.0,0.24269318980949395,0.47382786594985227,0.1357103059874472,0.0,0.0,0.0,0.0,0.0,0.0,0.0,0.1854098001734776,0.3363937380532567,0.0,0.38090066745211737,0.39846730776571604,0.3087498968380004,0.0,0.0,0.5861296175565417,0.0,0.6147848388299927,0.6285875140787666,0.0,0.23845282025645406,0.0,0.17647147623286744,0.0,0.3604664046273783
protectops3[encrypted_email],0.2678550002165392,0.10351891125831773,0.0,0.349608075102236,0.0,0.27683422143309366,0.0,0.0,0.0,0.14253380330425025,0.7708642502536889,0.5677744728969999,0.0,0.2172723323939773,0.1950147735558835,0.15554128590302627,0.1950147735558835,0.0,0.1950147735558835,0.0,0.1950147735558835,0.0,1.0,0.7714263928942142,0.9296768508870464,0.0,1.0,0.8265191137723165,0.6550378964921824,0.7547303042878282,0.6780379691090576,0.7044403989699078,0.6637019419699083,1.0,0.4232370790625545,0.38620157289936063,0.5264196413646276,1.0,0.3902029291520063,0.5240179663540413,0.0,,0.0,0.0,0.8490627285257777,0.8490627285257777,0.3758510965278872,0.39344494772348254,0.4840193785643953,0.8490627285257777,0.38756276084687785,0.49952429008246496,0.4675505760345902,0.46764542091050953,0.5448871245697926,0.2971263233314824,0.4114905198786275,0.4421786386413006,1.0,0.3019059591434264,0.0,0.0,0.0,,0.0,0.3031341543327951,0.0,0.0,0.2571321746000089,0.2287728578273111,0.2998277587415209,0.0,0.0,0.433695705070267,0.0,0.502221408884141,0.0,0.0,0.0,0.0,0.30655472600073563,0.0,0.5779479029821664,0.0,0.0,0.0,0.30696094188553474,0.0,0.0,0.6796800572705856,0.0,0.0
protectops3[vpn],0.4341713961248614,0.0,0.8530568251617751,0.0,0.1470710606619388,0.22697128525572977,0.4688382850289717,0.6269795777797458,0.0,0.29758994565865043,0.6944292010866128,0.0,0.5551943137273989,0.0,0.0,0.0,0.0,0.3457625294782299,0.0,0.0,0.0,0.0,1.0,0.603388395022352,0.8423786927958797,0.08299168130155858,0.8265191137723165,1.0,0.5583413551843724,0.5682945749172738,0.6941652117635425,0.5939409444225753,0.606123517756273,1.0,0.5045112482887332,0.45427081930361163,0.4581077130905979,1.0,0.4272055750355243,0.39111185245011326,0.38347313061033816,0.0,0.20206991474022434,0.12385724988786014,0.41665880446611664,0.41665880446611664,0.2416565924679545,0.2140546250993307,0.3378483624721759,0.41665880446611664,0.31997166501273777,0.3447563932562212,0.38148052465878163,0.42558291708305046,0.27111954647710995,0.29566775927765215,0.0,0.3348259834511607,1.0,0.41519947560044557,0.22190587041068804,0.0,0.0,0.0,0.1082573156723604,0.48067412207643817,0.0,0.0,0.0,0.0,0.13577136285595198,0.0,0.0,0.0,0.0,0.30183889433870176,0.0,0.0,0.2879162654861888,0.34849642880816456,0.0,0.0,0.6385579700442007,0.0,0.7033465679924392,0.3314317187142109,0.14707759616082566,0.0,0.3315045234308251,0.44445223832163433,0.0,0.0
protectops3[tor],0.19616493324143225,0.33509496462381266,0.16115608365752618,0.1857961992760957,0.4387046645860129,0.3775963644091842,0.10790455320454638,0.0,0.10299046664917566,0.503132863925592,0.4903476380221389,0.27604995720734904,0.0,0.0,0.0,0.0,0.0,0.0,0.0,0.25448723076995794,0.2692142009405629,0.0,1.0,0.48132168113214413,0.6837223529945204,0.24295849983765008,0.6550378964921824,0.5583413551843724,1.0,0.4548024673812547,0.5924288808150361,0.7373598925323206,0.46499433435303816,1.0,0.5440315187625814,0.19897759790161007,0.32430444454675783,1.0,0.27280690376423256,0.3169633873937269,0.4165392361256068,0.0,0.2854788588318453,0.3109762331917034,0.4054295105796033,0.4054295105796033,0.6426664536864104,0.6486721264617916,0.29715191398200397,0.4054295105796033,0.4280874181327173,0.20521311521100194,0.37937737670427885,0.13372384595629722,0.1562308833596441,0.30406515727108097,0.21366844640088728,0.4891377068794809,,0.39875081172575716,0.0,0.6629897219907638,0.7171770682687787,,0.0,0.0,0.26038733366477157,0.0,0.0,0.0,0.0,0.08876021550389186,0.0,0.31674858944102696,0.0,0.6585235925896157,0.0,0.2503901789309133,0.0,0.3932453450770926,0.0,0.0,0.31681811228736523,0.25223738873772505,0.0,0.20155782787832308,0.23475119737720904,0.2598257131076235,0.0,0.706519843456233,0.6533673784839238,0.2887337226325955
protectops3[e2e_chat],0.32631432668760857,0.18915126907155438,0.2085827990328957,0.47412684989384357,0.0,0.4849061788260833,0.0,0.0,0.0,0.0,0.5127436122856283,0.0,0.4872536293867229,0.0,0.11577531712803507,0.0,0.0,0.2907902561328984,0.11577531712803507,0.0,0.0,0.14641560363239772,1.0,0.6545267531108894,0.6987589552321005,0.0,0.7547303042878282,0.5682945749172738,0.4548024673812547,1.0,0.8707215278807946,0.7184176213345379,0.540240214835452,1.0,0.5237471281944138,0.3700666947021945,0.3977017810108125,1.0,0.14938911630903945,0.34991363924078284,0.7382934624336092,,0.0,0.0,0.5490471196016427,0.5490471196016427,0.2544186747783185,0.2569988176730188,0.39155968015636905,0.5490471196016427,0.35264395631115275,0.4948501753113345,0.41931266002159706,0.4716062238991216,0.5166592654652822,0.1761020830837547,0.17739046670826722,0.48159308385575433,,0.25156872538236835,0.05038467865607111,0.25156872538236835,0.0,,0.0,0.2665963615448305,0.0,0.0,0.12424755083079082,0.0,0.18184623865699076,0.0,0.14641560363239733,0.4461076422277251,0.0,0.22797404238248567,0.0,0.0,0.0,0.0,0.44793897806600963,0.3268207516602319,0.6153507969564345,0.0,0.4149513677218064,0.2553374392950895,0.0,0.0,0.0,0.0,0.0,0.2056004358714819
protectops3[encrypted_hardware],0.09230330925414737,0.3785817580490065,0.4484885357135655,0.0,0.0,0.0,0.0,0.0,0.49347319297718223,0.0,0.4019335000915132,0.7337730228522642,0.29883945932475653,0.0,0.19787750600962506,0.0,0.0,0.08741095753754147,0.19787750600962506,0.0,0.42517109813736104,0.0,1.0,0.5402532145369671,0.5828589211290678,0.0,0.6780379691090576,0.6941652117635425,0.5924288808150361,0.8707215278807946,1.0,0.7689298248155497,0.9013226776128856,1.0,0.4636783120137606,0.09434580725519064,0.2863533036717248,1.0,0.24413918073417865,0.20133677538594874,0.2362986426665495,,0.0,0.0,0.41665880446611686,0.41665880446611686,0.12806025175901145,0.14522840437129636,0.3090297619877428,0.41665880446611686,0.13292624314705478,0.36704794294389126,0.13891838204642673,0.39140506628592525,0.2837293856874022,0.0,0.2534913864230896,0.2542805663677338,1.0,0.41519947560044573,0.0,0.0,0.0,,0.0,0.0,0.0,0.0,0.0,0.0,0.0,0.0,0.0,0.3910944956256803,0.0,0.13235906125982205,0.0,0.3073918284448181,0.0,0.0,0.4836532314486121,0.0,0.41012358541392063,0.0,0.0,0.24125200184867934,0.0,0.0,0.0,0.0,0.0,0.02007135123994273
protectops3[2fa],0.0,0.0,0.4435395570201029,0.12003677089034058,0.0,0.0,0.2362251855381886,0.0,0.0,0.4163302148622682,0.5117928765931152,0.0,0.33251959225593064,0.589750110295209,0.0,0.0,0.0,0.18781529687092346,0.0,0.1413768263240234,0.0,0.0,1.0,0.8996639874887945,0.663629390745328,0.1537008666850111,0.7044403989699078,0.5939409444225753,0.7373598925323206,0.7184176213345379,0.7689298248155497,1.0,0.3689067464190409,1.0,0.41214197585945117,0.4191509571591903,0.7927077618020486,1.0,0.5650724508410293,0.566638665704977,0.0,0.0,0.0,0.0,0.8709716141224316,0.8709716141224316,0.2633857059305787,0.2652506572723538,0.7044680432280701,0.8709716141224316,0.5507249021027459,0.7211186009143903,0.35238758388485475,0.7479936806718556,0.7052996550546429,0.5979122527099325,0.6099270427486726,0.49398907555315613,1.0,0.5200100738306747,0.0,0.0,0.0,,0.10811678092880159,0.6144914770795976,0.08596412044771534,0.21165288650086894,0.2017483901530772,0.10232064899038698,0.1616149022413467,0.18678981342165896,0.0,0.0,0.0,0.4387745025892626,0.0,0.0,0.0,0.0,0.2783041810272262,0.0,0.650497790862531,0.0,0.6081221115991041,0.0,0.22338741239545412,0.18503536771769105,0.0,0.0,0.0,0.0
protectops3[other],0.0,0.0,0.0,0.3707829421408166,0.0,0.4593103055412921,0.4351149678700165,0.0,0.3414217054687397,0.10081196202928146,0.0,0.3142565102983008,0.0,0.0,,0.0,,0.3212537290140137,,0.0,1.0,0.09375547938735848,1.0,0.5755846512514083,0.45466498395514626,0.22907202487063422,0.6637019419699083,0.606123517756273,0.46499433435303816,0.540240214835452,0.9013226776128856,0.3689067464190409,1.0,1.0,0.0,0.3286450339721942,0.5537045098949177,1.0,0.25863842539126775,0.24614609434073156,0.8663492170187587,,0.27706107708176997,0.0,0.1862516169960779,0.1862516169960779,0.13175764493330092,0.0,0.2336348952253571,0.1862516169960779,0.0,0.25057332174701025,0.48048111977412455,0.0,0.3370347630544766,0.33654797636362455,0.42561007695354475,0.7739920242010073,,,0.0,0.0,0.0,0.0,0.0,0.0,0.0,0.0,0.0,0.0,0.0,0.0,,0.0,0.0,0.0,0.0,0.0,0.0,0.0,0.0,0.0,0.5442990342493695,0.5982594463759485,0.9255675599033469,0.8265661482258209,0.37336740508890937,0.0,0.9643654050839517,0.0,0.9255675599033469,0.22809662253355084
protectops3other,1.0,1.0,1.0,1.0,1.0,1.0,1.0,1.0,1.0,1.0,1.0,,,,,1.0,,,,1.0,1.0,,,1.0,,1.0,1.0,1.0,1.0,1.0,1.0,1.0,1.0,1.0,1.0,1.0,1.0,,1.0,1.0,1.0,0.0,1.0,,,,,,1.0,,1.0,,1.0,1.0,1.0,1.0,1.0,1.0,,,,1.0,1.0,,1.0,1.0,,1.0,1.0,1.0,,1.0,,1.0,1.0,1.0,1.0,,,1.0,1.0,1.0,0.0,,,1.0,1.0,1.0,,,,1.0
protectops4,0.0,0.0,0.7117360285566449,0.0,0.0,0.43049809922061194,0.19520215452601256,0.4446243622671883,0.0,0.0,0.0,0.0,0.0,0.4188713769778728,0.0,0.19000258600441575,0.0,0.3336988674656795,0.0,0.0,0.0,0.0,1.0,0.4128694899819949,0.730479011755773,0.0,0.4232370790625545,0.5045112482887332,0.5440315187625814,0.5237471281944138,0.4636783120137606,0.41214197585945117,0.0,1.0,1.0,0.6630535323730955,0.328321813490006,1.0,0.5079958026262739,0.5510157162718292,0.4807262551842851,0.0,0.32650348187241385,0.0,1.0,1.0,0.7193340320496113,0.7846069666955199,0.7378729678854922,1.0,0.551215167906966,0.7135433574910235,0.6582694905109212,0.7355792457160624,0.7082629920550529,0.0,0.0,0.0,1.0,0.0,0.0,1.0,0.7160032120906134,,0.0,0.3969234686328934,0.3322693709992773,0.0,0.39784396970461244,0.27949699948820617,0.0,0.26674753542557633,0.0,0.37871142021010684,0.0,0.0,0.3165686161392306,0.0,0.0,0.6434259320359337,0.6020870004286247,0.3101001485538145,0.0,0.23374006726265154,0.0,0.4672439054232605,0.0,0.0,0.8056750237533452,0.7011317748211491,0.6002222378958074,0.18845421308040933
protectleg1,0.3231330353717899,0.0,0.3089233453523347,0.29332471196976007,0.0,0.3574051902670173,0.3508152767471253,0.39242135117234334,0.0,0.0,0.0,0.0,0.5312175380206148,0.0,0.0,0.0,0.0,0.3848590887908235,0.0,0.0,0.0,0.0,1.0,0.22876810164619205,0.3555674531720027,0.0,0.38620157289936063,0.45427081930361163,0.19897759790161007,0.3700666947021945,0.09434580725519064,0.4191509571591903,0.3286450339721942,1.0,0.6630535323730955,1.0,0.1515196690729218,1.0,0.35878461343547435,0.2544229618672266,0.20534479185919333,0.0,0.0,0.0,0.6008377374119895,0.6008377374119895,0.37262688215508444,0.3528195751428508,0.4322845091997128,0.6008377374119895,0.17900490432658925,0.5803848938824908,0.18655601296390595,0.4367392088756308,0.6060806283453554,0.3539689311925337,0.4068304665009202,0.4685694763515838,,0.0,0.0,0.0,0.0,0.0,0.0,0.3230346852336307,0.0,0.22005265215629966,0.0,0.0,0.20957120817572641,0.0,0.15194922184341877,0.0,0.0,0.28701550071421,0.15873063673656532,0.0,0.5161842782114441,0.0,0.25543655688561967,0.0,0.0,0.4829128423030816,0.0,0.059710014052928945,0.0,0.17944115035005023,0.6505212873383179,0.3961071696713842,0.0,0.0
protectleg2,0.0,0.171032955863543,0.11150037273507062,0.026226606145745072,0.0,0.0,0.0,0.1788876133504575,0.0,0.2746954802395556,0.3243535687323135,0.6228937410714022,0.18356628990739618,0.7182683586525608,0.2012285556478899,0.06010603801808959,0.2012285556478899,0.0,0.626828300370919,0.23481705932654148,0.4052513020211578,0.0,1.0,0.750698232149809,0.45383008143763165,0.0,0.5264196413646276,0.4581077130905979,0.32430444454675783,0.3977017810108125,0.2863533036717248,0.7927077618020486,0.5537045098949177,1.0,0.328321813490006,0.1515196690729218,1.0,,0.3512795615629407,0.4796548094420874,0.0,,0.0,0.48862003354817557,0.6170590385825199,0.6170590385825199,0.21013005941371307,0.21358848233524924,0.7090175473274867,0.6170590385825199,0.5682771628742337,0.7077888432581682,0.0,0.5228470364128417,0.6376232513309665,0.0,0.42958249623421507,0.4304379592866207,,0.0,0.032900344770151815,0.13341965614036144,0.2897102930541873,0.0,0.2650001574424823,0.680900553785809,0.12073177088023637,0.0,0.0,0.0,0.05609008126208231,0.0,0.0,0.33253645505792273,0.2381353394403054,0.0,0.20021274042361856,0.0,0.0,0.32681420272152206,0.0,0.0,0.35797373013110856,0.13884928201973495,0.42761387540827905,0.0,0.19832012465049814,0.0,0.0,0.0,0.0,0.0
protectleg2no,1.0,1.0,1.0,1.0,1.0,1.0,1.0,1.0,1.0,1.0,1.0,1.0,1.0,,,1.0,,1.0,,1.0,,,1.0,1.0,1.0,1.0,1.0,1.0,1.0,1.0,1.0,1.0,1.0,,1.0,1.0,,1.0,1.0,1.0,1.0,,1.0,,,,,,1.0,,1.0,1.0,1.0,1.0,1.0,1.0,1.0,1.0,1.0,1.0,1.0,,1.0,,1.0,1.0,1.0,1.0,1.0,1.0,,1.0,,1.0,1.0,1.0,1.0,1.0,1.0,1.0,1.0,1.0,1.0,1.0,1.0,1.0,1.0,1.0,1.0,1.0,1.0,1.0
protectleg3[free_counsel],0.09579391311330303,0.0,0.2711707680793533,0.0,0.0,0.34141856459151654,0.0,0.0,0.0,0.0,0.18171673532647437,0.8167691461625137,0.0,0.0,0.0,0.7425678938794672,0.0,0.0,0.0,0.0,0.0,0.0,1.0,0.5476616857606065,0.32922820078102755,0.11020746121441408,0.3902029291520063,0.4272055750355243,0.27280690376423256,0.14938911630903945,0.24413918073417865,0.5650724508410293,0.25863842539126775,1.0,0.5079958026262739,0.35878461343547435,0.3512795615629407,1.0,1.0,0.9661314724887016,0.8785305291989249,0.0,0.21289610661094652,0.0,0.8709716141224316,0.8709716141224316,0.2959859236279316,0.3138528324791477,0.7547222977248976,0.8709716141224316,0.5322133435239396,0.7684708336595261,0.284831176626098,0.6935985883250062,0.7179869524884489,0.5934159634083234,0.6693799153261959,0.43549339009704435,1.0,0.0,0.0,0.0,0.0,0.0,0.0,0.26724749723964236,0.34286375563807747,0.08880335321202493,0.7864329508469279,0.0,0.0,0.2746745170766082,0.0,0.0,0.27179385566079894,0.33943322343216187,0.0,0.3783100013705724,0.0,0.0,0.0,0.0,0.0,0.0,0.0,0.33168811989070424,0.0,0.0,0.0,0.0,0.0,0.23771344634396027
protectleg3[cost_insurance],0.18401242252659236,0.0,0.16153259222941446,0.0,0.0,0.6527834876844448,0.25595447917349934,0.17753158916821057,0.16101348193647727,0.0,0.0,0.0,0.0,0.3992635531988169,0.0,0.5223264006095817,0.0,0.0,0.0,0.0,0.0,0.0,1.0,0.4503189668436152,0.29969739882660407,0.37089335623713027,0.5240179663540413,0.39111185245011326,0.3169633873937269,0.34991363924078284,0.20133677538594874,0.566638665704977,0.24614609434073156,1.0,0.5510157162718292,0.2544229618672266,0.4796548094420874,1.0,0.9661314724887016,1.0,0.8358529229559707,0.0,0.0,0.0,0.8709716141224315,0.8709716141224315,0.35151053274687577,0.31357347861103035,0.7224063493096847,0.8709716141224315,0.4930382906108169,0.7123777025164145,0.2769581791976554,0.7081370215075371,0.7210982887126492,0.5556800808970173,0.6100738799696631,0.0,1.0,0.0,0.0,0.18955938236642328,0.0,0.0,0.2129809950496951,0.519514893998853,0.24089515191918648,0.0,0.8037197556602915,0.0,0.1971558124260713,0.02440582315540632,0.2284089433052305,0.0,0.3641392925436526,0.3562564310149958,0.0,0.29861522071197805,0.0,0.0,0.0,0.0,0.0,0.1874798709430703,0.0,0.3317359739337718,0.0,0.0,0.0,0.0,0.0,0.4276125850133175
protectleg3[other],0.08824106777607864,0.2731960490747205,0.0,0.0,0.11606835702547791,0.4702340779636318,0.5646199411966485,0.7203215166414764,0.0,0.0,0.11761809925907285,0.0,0.28715107500598464,0.0,,0.574253580964661,,0.0,,0.25130836323554107,0.0,0.639160198177619,1.0,0.16723383160673855,0.0,0.0,0.0,0.38347313061033816,0.4165392361256068,0.7382934624336092,0.2362986426665495,0.0,0.8663492170187587,1.0,0.4807262551842851,0.20534479185919333,0.0,1.0,0.8785305291989249,0.8358529229559707,1.0,,0.209781954719623,0.0,0.6391601981776189,0.6391601981776189,0.6391601981776189,0.6391601981776189,0.7339716575465194,0.6391601981776189,0.8009461485024196,0.5899508699349719,0.14939975342303627,0.4143262343651006,0.2121057500529478,0.617085375626747,0.4436361491238665,0.7357707700225746,,,0.21635995820093387,0.6391601981776189,0.8295983964462663,,0.0,0.19503447500832582,0.0,0.21786851602116855,0.7548825945727983,0.3535532606164858,0.0,0.8131969216517692,0.6391601981776189,0.0,0.0,0.32894622994028294,0.0,0.0,0.0,0.18017157772022757,0.39895151421564085,0.5818935135163297,0.0,0.3846473607675348,0.6546367945950194,0.0,0.2549698183276646,0.0,0.13055729416200004,0.0,0.0,0.5025093780173226
protectleg3other,0.0,,0.0,0.0,,0.0,,0.0,0.0,0.0,0.0,,,,,0.0,,,,,,,,,,,,0.0,0.0,,,0.0,,0.0,0.0,0.0,,,0.0,0.0,,1.0,0.0,,,,,,0.0,,0.0,,0.0,0.0,,0.0,0.0,,,,,0.0,0.0,,,0.0,,0.0,,,,,,0.0,,,,,,0.0,,0.0,,,,0.0,,0.0,,,,
constraintinter1,0.0,0.4071016270164679,0.0,0.0,0.0,0.24310593762434313,0.0,0.0,0.0,0.0,0.21888965952380587,0.0,0.0,0.584438778593599,0.09704992698451921,0.0,0.09704992698451921,0.0,0.0,0.21054645466617142,0.09704992698451921,0.0,1.0,0.1283001538017387,0.0,0.0,0.0,0.20206991474022434,0.2854788588318453,0.0,0.0,0.0,0.27706107708176997,1.0,0.32650348187241385,0.0,0.0,1.0,0.21289610661094652,0.0,0.209781954719623,0.0,1.0,0.0787480505173026,0.08037135357349579,0.08037135357349579,0.11441199552811405,0.1496324908474528,0.0,0.08037135357349579,0.2332489299445924,0.32117062775164207,0.0,0.0,0.30212730068130295,0.2675445109912271,0.2930653904201734,0.28669153725083285,1.0,0.3303509334946247,0.24372493883732202,0.0,0.3978795105160882,,0.08264345210341768,0.32712411924918305,0.0,0.0,0.0,0.0,0.0,0.0,0.0,0.0,0.5434252733690099,0.2395977302089904,0.0,0.3439655241864526,0.0,0.0,0.0,0.30224174395255987,0.5009265647952074,0.33350322129929943,0.0,0.0,0.41712406210493563,0.5640022886525662,0.6068791500293724,0.2945124443446205,0.48178567962963975,0.46452424340968934
constraintinter2,0.0,0.0,0.0,0.19054617499386736,0.0,0.0,0.0,0.0,0.2255166259388923,0.23336974168350988,0.0,1.0,0.0,0.0,0.4653638554448267,0.0,0.4653638554448267,0.0,0.4653638554448267,0.0,0.4653638554448267,0.4653638554448267,,0.0,0.0,0.6288790992579949,0.0,0.12385724988786014,0.3109762331917034,0.0,0.0,0.0,0.0,,0.0,0.0,0.48862003354817557,,0.0,0.0,0.0,,0.0787480505173026,1.0,0.4625248103759039,0.4625248103759039,0.0,0.0,0.3106794809263489,0.4625248103759039,0.595685425317974,0.0,0.0,0.0,0.0,0.0,0.0,0.0,,0.4610049043768062,0.272835078178702,0.46100490437680597,0.544358477699419,0.0,0.0,0.367094149789649,0.0,0.0,0.0,0.0,0.0,0.0,0.26473428293629775,0.0,0.0,0.0,0.8021188782563652,0.6213252596083977,1.0,0.5570613079939232,0.0,0.0,0.0,0.0,0.5508697580243211,0.0,0.0,0.0,0.0,0.10235609845833911,0.0,0.0
constraintinter4[police_search],0.049242979297941525,0.0,0.2221264049048615,0.0,0.0,0.26843002364244717,0.0,0.0,0.0,0.0,0.0,,,,0.6766419955740316,0.0,0.6766419955740316,0.05704302804544731,0.6766419955740316,0.0,0.6766419955740316,0.6766419955740316,,0.8709716141224315,0.43921903615958746,,0.8490627285257777,0.41665880446611664,0.4054295105796033,0.5490471196016427,0.41665880446611686,0.8709716141224316,0.1862516169960779,,1.0,0.6008377374119895,0.6170590385825199,,0.8709716141224316,0.8709716141224315,0.6391601981776189,,0.08037135357349579,0.4625248103759039,1.0,0.6766419955740316,0.4388136681774066,0.43921903615958685,1.0,0.6766419955740316,0.8721199011525147,1.0,0.43960694724300997,1.0,1.0,0.3889504765007494,0.3889504765007494,0.3447725318864129,,0.6759585132582213,0.0,0.6759585132582213,0.0,,0.0,0.728075455661591,0.0,0.0,0.1345244549749727,0.0,0.1969332925122496,0.0,0.46252481037590376,0.14231261285499702,0.0,0.6449683254417994,0.0,0.0,,0.0,,,,,,0.0,0.0,0.0,,,,0.0
constraintinter4[seizure],0.049242979297941525,0.0,0.2221264049048615,0.0,0.0,0.26843002364244717,0.0,0.0,0.0,0.0,0.0,,,,0.6766419955740316,0.0,0.6766419955740316,0.05704302804544731,0.6766419955740316,0.0,0.6766419955740316,0.6766419955740316,,0.8709716141224315,0.43921903615958746,,0.8490627285257777,0.41665880446611664,0.4054295105796033,0.5490471196016427,0.41665880446611686,0.8709716141224316,0.1862516169960779,,1.0,0.6008377374119895,0.6170590385825199,,0.8709716141224316,0.8709716141224315,0.6391601981776189,,0.08037135357349579,0.4625248103759039,0.6766419955740316,1.0,0.4388136681774066,0.43921903615958685,1.0,0.6766419955740316,0.8721199011525147,1.0,0.43960694724300997,1.0,1.0,0.3889504765007494,0.3889504765007494,0.3447725318864129,,0.6759585132582213,0.0,0.6759585132582213,0.0,,0.0,0.728075455661591,0.0,0.0,0.1345244549749727,0.0,0.1969332925122496,0.0,0.46252481037590376,0.14231261285499702,0.0,0.6449683254417994,0.0,0.0,,0.0,,,,,,0.0,0.0,0.0,,,,0.0
constraintinter4[extortion],0.42897752682268075,0.0,0.0,0.0,0.0,0.0,0.08893648918737433,0.0,0.0,0.0,0.0,0.3517175874357706,0.5945908134421621,0.0,0.0,0.0,0.0,0.0,0.0,0.0,0.0,0.0,,0.26092972609061194,0.6008661235430479,0.0,0.3758510965278872,0.2416565924679545,0.6426664536864104,0.2544186747783185,0.12806025175901145,0.2633857059305787,0.13175764493330092,,0.7193340320496113,0.37262688215508444,0.21013005941371307,,0.2959859236279316,0.35151053274687577,0.6391601981776189,,0.11441199552811405,0.0,0.4388136681774066,0.4388136681774066,1.0,0.9364284219644485,0.4880529862438133,0.438813668177406,0.396150328799972,0.5275738989933936,0.6079874345683415,0.5362012635129318,0.6509822936353766,0.24929408701703967,0.20174898189744722,0.3214385406231926,,0.0,0.0,0.0,0.0,,0.0,0.12693254312703753,0.0,0.18943405303018038,0.07596841473618828,0.16366665314470108,0.10993811312385951,0.09799421132196338,0.0,0.0,0.0,0.24582314270851297,0.0,0.0,0.0,0.0,0.0,0.0,0.0,0.0,0.0,0.7293765541217869,0.0,0.3389742376407998,0.0,0.18501255253115823,0.6370637575103265,0.09313128676946617
constraintinter4[violent_threat],0.4308465868707922,0.0,0.0,0.22419742825897537,0.0,0.0,0.0,0.0,0.5052033307931026,0.5092789432506701,0.0,0.0,0.0,0.2769342830091077,0.0,0.0,0.0,0.0,0.0,0.0,0.0,0.0,,0.26299594347078287,0.6035462701393233,0.0,0.39344494772348254,0.2140546250993307,0.6486721264617916,0.2569988176730188,0.14522840437129636,0.2652506572723538,0.0,,0.7846069666955199,0.3528195751428508,0.21358848233524924,,0.3138528324791477,0.31357347861103035,0.6391601981776189,,0.1496324908474528,0.0,0.43921903615958685,0.43921903615958685,0.9364284219644485,1.0,0.5565046311286231,0.43921903615958746,0.42934208887329467,0.528511122744251,0.6102561852715456,0.4530782847076076,0.5275738989933938,0.25342675129126524,0.0,0.3447725318864129,,0.0,0.6964582293548464,0.0,0.0,,0.0,0.2149720565785257,0.1252087525571995,0.249490591865281,0.2580542997876587,0.21634878080773506,0.29770741737261197,0.1190095248883648,0.0,0.0,0.0,0.20517625175445664,0.0,0.0,0.0,0.0,0.0,0.3056775779255147,0.0,0.13484897205315036,0.0,0.0,0.128908481529743,0.32220390725682974,0.0,0.5885345116435745,0.0,0.08997451130570627
constraintinter4[inspection_during_travel],0.1349077133039545,0.0,0.0,0.0,0.0,0.17163599642309268,0.16625879483911726,0.5587811267659734,0.12731623815695126,0.0,0.07902129404834546,0.8130196770894832,0.22391918622536394,0.0,0.0,0.23995251876395704,0.0,0.0,0.0,0.0,0.6192068955118037,0.0,1.0,0.7052342152497093,0.4517276379389195,0.0,0.4840193785643953,0.3378483624721759,0.29715191398200397,0.39155968015636905,0.3090297619877428,0.7044680432280701,0.2336348952253571,1.0,0.7378729678854922,0.4322845091997128,0.7090175473274867,1.0,0.7547222977248976,0.7224063493096847,0.7339716575465194,0.0,0.0,0.3106794809263489,1.0,1.0,0.4880529862438133,0.5565046311286231,1.0,1.0,0.7901070375359005,0.8826691395200477,0.5114871687715716,0.8975487674720692,0.8910537491059406,0.4690439388754936,0.7708755232862062,0.882309005861424,1.0,0.0,0.050128953371918396,0.6170590385825201,0.34113946938740525,0.0,0.0,0.5612060211323391,0.23342084398367666,0.5833322943633523,0.6345966480053826,0.36892414081843555,0.2521511967705354,0.3718769885393741,0.0,0.0,0.29392037640646806,0.24488316642150146,0.0,0.0,0.41409088806132327,0.24308789648694654,0.0,0.729088796294334,0.3936250481893745,0.4948397108420517,0.7077850670720655,0.0,0.0,0.0,0.0,0.05505993081576027,0.0,0.0
constraintinter4[detention],0.049242979297941525,0.0,0.2221264049048615,0.0,0.0,0.26843002364244717,0.0,0.0,0.0,0.0,0.0,,,,0.6766419955740316,0.0,0.6766419955740316,0.05704302804544731,0.6766419955740316,0.0,0.6766419955740316,0.6766419955740316,,0.8709716141224315,0.43921903615958746,,0.8490627285257777,0.41665880446611664,0.4054295105796033,0.5490471196016427,0.41665880446611686,0.8709716141224316,0.1862516169960779,,1.0,0.6008377374119895,0.6170590385825199,,0.8709716141224316,0.8709716141224315,0.6391601981776189,,0.08037135357349579,0.4625248103759039,0.6766419955740316,0.6766419955740316,0.438813668177406,0.43921903615958746,1.0,1.0,0.8721199011525147,1.0,0.43960694724300997,1.0,1.0,0.3889504765007494,0.3889504765007494,0.3447725318864129,,0.6759585132582213,0.0,0.6759585132582213,0.0,,0.0,0.728075455661591,0.0,0.0,0.1345244549749727,0.0,0.1969332925122496,0.0,0.46252481037590376,0.14231261285499702,0.0,0.6449683254417994,0.0,0.0,,0.0,,,,,,0.0,0.0,0.0,,,,0.0
constraintinter4[surveillance_signalling],0.1842495091421862,0.0,0.18237321368016404,0.0,0.0,0.0,0.0,0.0,0.0,0.0,0.09275037120927243,0.0,0.5152922418215133,0.24047502434616597,0.0,0.0,0.0,0.0,0.0,0.16493950037115893,0.0,0.8726547005989765,1.0,0.5270420513819095,0.2688852058003823,0.39641912807166474,0.38756276084687785,0.31997166501273777,0.4280874181327173,0.35264395631115275,0.13292624314705478,0.5507249021027459,0.0,1.0,0.551215167906966,0.17900490432658925,0.5682771628742337,1.0,0.5322133435239396,0.4930382906108169,0.8009461485024196,0.0,0.2332489299445924,0.595685425317974,0.8721199011525147,0.8721199011525147,0.396150328799972,0.42934208887329467,0.7901070375359005,0.8721199011525147,1.0,0.7879931222552355,0.41422840861975696,0.8021493797834699,0.8789159632480956,0.3140954618412464,0.4149786558280945,0.0,1.0,0.0,0.4508622766230471,0.45042790967961494,0.6899987551267937,0.0,0.0,0.6492624233746329,0.0,0.0,0.5648902444313323,0.0,0.07788868249882265,0.0,0.0,0.0,0.2208947652459486,0.38894393375883757,0.24293499625163106,0.0,0.51884147029968,0.1929480063313904,0.0,0.5007685251185455,0.0,0.0,0.2062637117661729,0.0,0.17999996710986124,0.32012719281393015,0.0,0.11974539556270132,0.4680770063748565,0.26856474243246325
constraintinter4[online_harassment],0.0,0.429010885912165,0.0,0.0,0.0,0.39531392893725814,0.0,0.0,0.0,0.0,0.0,0.8238775877890527,0.7844035086192794,0.2634202683206122,0.0,0.2854454727467859,0.0,0.37568051999776847,0.6192068955118037,0.0,0.0,0.0,1.0,0.7094471726127818,0.4499465421050611,0.17315417824719573,0.49952429008246496,0.3447563932562212,0.20521311521100194,0.4948501753113345,0.36704794294389126,0.7211186009143903,0.25057332174701025,,0.7135433574910235,0.5803848938824908,0.7077888432581682,1.0,0.7684708336595261,0.7123777025164145,0.5899508699349719,,0.32117062775164207,0.0,1.0,1.0,0.5275738989933936,0.528511122744251,0.8826691395200477,1.0,0.7879931222552355,1.0,0.5310795311619321,0.9031867223728525,0.9395010432073428,0.1702758181818848,0.0,0.34094661948768923,1.0,0.0,0.0,0.0,0.6181176100270038,,0.0,0.6442746986216008,0.0,0.13233211187135294,0.49339992384421616,0.23727559407604248,0.0,0.0,0.0,0.11454709096714655,0.10427210165836014,0.4843253622978409,0.250453386553049,0.0,0.0,0.0,0.24554471909231487,0.5364632564090716,0.0,0.3481848854316352,0.34323552044526306,0.0,0.6170043995089002,0.48084071177155063,0.0,0.29077102721970394,0.0,0.0
constraintinter4[entry_on_deny_lists],0.0,0.0,0.38404941885883137,0.2615277786303569,0.0,0.0,0.0,0.0,0.0,0.0,0.0,0.0,0.0,0.0,0.0,0.20696073380175425,0.0,0.04459005490536442,0.0,0.0,0.20510973350773656,0.0,1.0,0.26913245648729345,0.611415911609779,0.0,0.4675505760345902,0.38148052465878163,0.37937737670427885,0.41931266002159706,0.13891838204642673,0.35238758388485475,0.48048111977412455,1.0,0.6582694905109212,0.18655601296390595,0.0,1.0,0.284831176626098,0.2769581791976554,0.14939975342303627,0.0,0.0,0.0,0.43960694724300997,0.43960694724300997,0.6079874345683415,0.6102561852715456,0.5114871687715716,0.43960694724300997,0.41422840861975696,0.5310795311619321,1.0,0.6678184874818911,0.5089317585455977,0.0,0.19764186228349373,0.3252586494952803,1.0,0.0,0.0,0.23517618936520535,0.40698888410504147,,0.0,0.17451892841798858,0.07708731037189952,0.07726200915370945,0.10759354710156234,0.0,0.0,0.0784699006954255,0.0,0.0,0.0,0.38368800394244484,0.0,0.0,0.0,0.17156437029232455,0.0,0.6349427398942082,0.0,0.0,0.3432355204452626,0.39097705717742953,0.6204475468379093,0.4101688431426895,0.33299750555031804,0.0,0.0,0.08194337552382806
constraintinter4[exclusion_from_events],0.09180672648440909,0.0,0.2547228112600553,0.26177929984825726,0.0,0.0,0.0,0.0,0.13369894777934005,0.1508163463417064,0.2861996067448618,0.0,0.2933603134518188,0.0,0.0,0.397973010824486,0.0,0.0,0.0,0.36055793736904757,0.3889504765007494,0.0,,0.739880384010779,0.4538108994302318,0.2152585127545133,0.46764542091050953,0.42558291708305046,0.13372384595629722,0.4716062238991216,0.39140506628592525,0.7479936806718556,0.0,1.0,0.7355792457160624,0.4367392088756308,0.5228470364128417,1.0,0.6935985883250062,0.7081370215075371,0.4143262343651006,0.0,0.0,0.0,1.0,1.0,0.5362012635129318,0.4530782847076076,0.8975487674720692,1.0,0.8021493797834699,0.9031867223728525,0.6678184874818911,1.0,0.9000134029373309,0.4152499196956622,0.5101929034357221,0.5478917098160953,1.0,0.0,0.0,0.45042790967961494,0.557140607362061,0.0,0.14372592834770603,0.5660688114248157,0.04872018381027057,0.3730523099804164,0.534701349081821,0.1933104477077274,0.0,0.4410749511089274,0.0,0.0,0.0,0.534891669277323,0.0,0.0,0.0,0.0,0.0,0.5086544545459162,0.0,0.0,0.347604403173411,0.16828100473923976,0.16829133634133295,0.3635336077897983,0.0,0.0,0.6551135268315752,0.0
constraintinter4[public_defamation],0.140371887245025,0.0,0.0,0.0,0.0,0.0,0.0,0.0,0.0,0.0,0.0,0.0,0.7087467601164076,0.7238792188723502,0.0,0.38148232204163984,0.0,0.25817855211693513,0.0,0.0,0.0,0.0,1.0,0.6938608088091652,0.4505108284780615,0.29310725980417984,0.5448871245697926,0.27111954647710995,0.1562308833596441,0.5166592654652822,0.2837293856874022,0.7052996550546429,0.3370347630544766,1.0,0.7082629920550529,0.6060806283453554,0.6376232513309665,1.0,0.7179869524884489,0.7210982887126492,0.2121057500529478,,0.30212730068130295,0.0,1.0,1.0,0.6509822936353766,0.5275738989933938,0.8910537491059406,1.0,0.8789159632480956,0.9395010432073428,0.5089317585455977,0.9000134029373309,1.0,0.5038291831780913,0.5260611891909599,0.575084780734447,1.0,0.0,0.0,0.0,0.8576447562267132,,0.0,0.6327290927362987,0.0,0.13171514451938274,0.5417519385786173,0.0,0.0,0.0,0.0,0.0,0.0,0.35632216127949384,0.0,0.0,0.0,0.0,0.0,0.7535156756484798,0.0,0.0,0.0,0.5092901795452115,0.2881990407840347,0.37998814186095947,0.0,0.0,0.8367569511269206,0.25108526514004226
constraintinter5[unsolicited_information],0.0,0.0,0.0,0.0,0.0,0.4265173214743538,0.0,0.0,0.23857877719448478,0.1470820971338801,0.1846131847844834,0.0,0.4304709465876524,0.0,0.0,0.0,0.39753943762975524,0.0,0.39753943762975535,0.1470215976978321,0.0,0.0,1.0,0.5486462515621108,0.2875991851689133,0.0,0.2971263233314824,0.29566775927765215,0.30406515727108097,0.1761020830837547,0.0,0.5979122527099325,0.33654797636362455,1.0,0.0,0.3539689311925337,0.0,1.0,0.5934159634083234,0.5556800808970173,0.617085375626747,0.0,0.2675445109912271,0.0,0.3889504765007494,0.3889504765007494,0.24929408701703967,0.25342675129126524,0.4690439388754936,0.3889504765007494,0.3140954618412464,0.1702758181818848,0.0,0.4152499196956622,0.5038291831780913,1.0,0.9334417729866845,0.9581548294216323,1.0,0.0,0.0,0.0,0.0,0.0,0.2228422061839843,0.37342352651864474,0.19014544455152754,0.6494419509527257,0.3734403177261313,0.5566310324920811,0.8327220598965508,0.51016331376686,0.0,0.0,0.0,0.0,0.0,0.0,0.0,0.0,0.0,0.20769606694968745,0.24891489305380504,0.0990768173016529,0.0,0.0,0.0,0.17294609608567027,0.0,0.1782890352442828,0.24558548946828848,0.0
constraintinter5[invitations],0.0,0.0,0.0,0.0,0.0,0.0,0.18894335644553134,0.0,0.3053379386249643,0.3390923731176365,0.18075448531275837,0.0,0.4304709465876524,0.0,0.0,0.0,0.39753943762975524,0.0,0.0,0.11670120399297412,0.8731656096643875,0.0,1.0,0.6085004441388684,0.29454230527452596,0.0,0.4114905198786275,0.0,0.21366844640088728,0.17739046670826722,0.2534913864230896,0.6099270427486726,0.42561007695354475,1.0,0.0,0.4068304665009202,0.42958249623421507,1.0,0.6693799153261959,0.6100738799696631,0.4436361491238665,0.0,0.2930653904201734,0.0,0.3889504765007494,0.3889504765007494,0.20174898189744722,0.0,0.7708755232862062,0.3889504765007494,0.4149786558280945,0.0,0.19764186228349373,0.5101929034357221,0.5260611891909599,0.9334417729866845,1.0,0.9314403797813674,1.0,0.0,0.0,0.0,0.0,,0.26034961488423797,0.25964211777487917,0.4192921096789532,0.0,0.40897436618411404,0.11899539780569142,0.18790419114523293,0.07267513122624306,0.0,0.0,0.0,0.0,0.0,0.0,0.0,0.0,0.0,0.0,0.0,0.0,0.0,0.0,0.0,0.0,0.5452853126395338,0.0,0.15545747949942257,0.11267004610685644
constraintinter5[other],0.1758811672677526,0.5004544450844896,0.0,0.4428141452453876,0.0,0.0,0.13866299448130925,0.3088817479570765,0.23680000148389452,0.0,0.12510382459149932,0.0,0.1925630768377213,0.0,0.0,0.0,0.36462807053526586,0.0,,0.0,0.5064852186878812,0.0,1.0,0.47048359270884,0.30091586611798443,0.548723218944416,0.4421786386413006,0.3348259834511607,0.4891377068794809,0.48159308385575433,0.2542805663677338,0.49398907555315613,0.7739920242010073,1.0,0.0,0.4685694763515838,0.4304379592866207,1.0,0.43549339009704435,0.0,0.7357707700225746,,0.28669153725083285,0.0,0.3447725318864129,0.3447725318864129,0.3214385406231926,0.3447725318864129,0.882309005861424,0.3447725318864129,0.0,0.34094661948768923,0.3252586494952803,0.5478917098160953,0.575084780734447,0.9581548294216323,0.9314403797813674,1.0,,,0.0,0.49422684985380966,0.7067143413810814,,0.0,0.0,0.0,0.4421471101476107,0.33794551316904525,0.7603265292059578,0.3646280705352661,0.43652459313166914,0.0,0.4233199371860532,0.28303470943146375,0.5468792597906329,0.0,0.5884483067135255,0.2080705534557433,0.0,0.0,0.2566142702311715,0.0,0.0,0.0,0.3050990102631357,0.0,0.16663522220153815,0.0,0.0,0.0,0.5004544450844894
constraintinter5other,,,,1.0,,1.0,1.0,1.0,1.0,1.0,,,,,,1.0,,1.0,,1.0,,,,1.0,,1.0,1.0,1.0,,,1.0,1.0,,,1.0,,,1.0,1.0,1.0,,,1.0,,,,,,1.0,,1.0,1.0,1.0,1.0,1.0,1.0,1.0,,1.0,,1.0,,1.0,,1.0,1.0,,,,1.0,,1.0,,,1.0,1.0,0.0,,,1.0,1.0,1.0,0.0,0.0,0.0,1.0,1.0,1.0,0.0,,,
constraintinter6[gender],0.0,0.0,0.26997087719470025,0.0,0.23517618936520535,0.0,0.0,0.0,0.0,0.0,0.0,,,,0.6759585132582212,0.0,0.6759585132582212,0.12785204970938532,0.6759585132582212,0.0,0.6759585132582212,0.6759585132582212,1.0,0.0,0.0,0.0,0.3019059591434264,0.41519947560044557,0.39875081172575716,0.25156872538236835,0.41519947560044573,0.5200100738306747,,,0.0,0.0,0.0,1.0,0.0,0.0,,,0.3303509334946247,0.4610049043768062,0.6759585132582213,0.6759585132582213,0.0,0.0,0.0,0.6759585132582213,0.0,0.0,0.0,0.0,0.0,0.0,0.0,,,1.0,0.0,0.6759585132582212,0.0,,0.16429078012111184,0.0,0.0,0.0,0.12785204970938532,0.0,0.19250611749578356,0.0,0.4610049043768062,0.0,0.1992421610713862,0.0,0.3986164995970982,0.7977734910329154,,0.0,0.0,0.0,0.3484986300444338,0.0,0.48159536780099926,0.0,0.45716690714165875,0.0,0.3957550600378986,0.0,0.0,0.0
constraintinter6[political],0.0,0.0,0.0,0.0,0.0,0.0,0.0,0.0,0.1531658085775269,0.3353169433045529,0.0,0.9813984998661494,0.0,0.0,0.0,0.04851645786424827,0.0,0.0,0.0,0.0,0.0,0.43921903615958685,,0.0,0.0,0.3881866641711496,0.0,0.22190587041068804,0.0,0.05038467865607111,0.0,0.0,0.0,,0.0,0.0,0.032900344770151815,1.0,0.0,0.0,0.21635995820093387,,0.24372493883732202,0.272835078178702,0.0,0.0,0.0,0.6964582293548464,0.050128953371918396,0.0,0.4508622766230471,0.0,0.0,0.0,0.0,0.0,0.0,0.0,1.0,0.0,1.0,0.0,0.6346044086944165,0.0,0.24912359140005125,0.35004715250760926,0.0,0.0,0.0,0.0,0.0,0.017171261574685952,0.0,0.0,0.07769237836209224,0.539498977711251,0.3986164995970981,0.0,0.48159536780099926,0.0,0.0,0.0,0.0,0.3013450188842276,1.0,0.331495630679324,0.5647596143487302,0.5086992334611168,0.0,0.0,0.0,0.0
constraintinter6[religious],0.0,0.0,0.0,0.0,0.0,0.41296376058980894,0.0,0.3842772501088083,0.0,0.0,0.05741655893128175,0.0,0.0,0.0,0.6759585132582212,0.0,0.6759585132582212,0.1278520497093854,0.6759585132582212,0.0,0.6759585132582212,0.6759585132582212,,0.0,0.0,0.0,0.0,0.0,0.6629897219907638,0.25156872538236835,0.0,0.0,0.0,1.0,1.0,0.0,0.13341965614036144,,0.0,0.18955938236642328,0.6391601981776189,0.0,0.0,0.46100490437680597,0.6759585132582213,0.6759585132582213,0.0,0.0,0.6170590385825201,0.6759585132582213,0.45042790967961494,0.0,0.23517618936520535,0.45042790967961494,0.0,0.0,0.0,0.49422684985380966,,0.6759585132582212,0.0,1.0,1.0,,0.0,0.0,0.0,0.0,0.1278520497093854,0.0,0.1925061174957834,0.0,0.46100490437680597,0.0,0.0,0.0,,,,1.0,0.16723429996282485,0.0,0.0,,,0.21175263619605714,0.0,0.0,,,,0.0
constraintinter6[other],0.055581309399099194,0.0,0.0,0.5263958883223785,0.0,0.6202035853517301,0.0,0.22367847577369235,0.0,0.0,0.0,0.7147724739167789,0.0,0.0,0.0,0.0,,0.6993607582932619,0.0,0.0,0.0,,,0.0,0.0,0.7822283812952809,0.0,0.0,0.7171770682687787,0.0,0.0,0.0,0.0,1.0,0.7160032120906134,0.0,0.2897102930541873,1.0,0.0,0.0,0.8295983964462663,0.0,0.3978795105160882,0.544358477699419,0.0,0.0,0.0,0.0,0.34113946938740525,0.0,0.6899987551267937,0.6181176100270038,0.40698888410504147,0.557140607362061,0.8576447562267132,0.0,0.0,0.7067143413810814,1.0,0.0,0.6346044086944165,1.0,1.0,,0.0,0.0,0.0,0.0,0.0,0.07697308340885273,0.0,0.0,0.0,0.0,0.0,0.36689437910686595,0.12973831099344235,0.0,0.3828346323176484,0.6463752533003818,0.16373150059951783,0.13853599782065948,0.0,0.7693059238675862,1.0,0.7498785464918831,0.3387882226533085,0.6016610969881601,0.0,0.0,0.0,0.34842802309658727
constraintinter6other,0.0,,0.0,,,0.0,,0.0,,0.0,0.0,,,,,0.0,,,,,,,,,,0.0,,0.0,,,,,0.0,,,0.0,0.0,,0.0,0.0,,,,0.0,,,,,0.0,,0.0,,,0.0,,0.0,,,,,0.0,,,1.0,0.0,0.0,,0.0,,0.0,,0.0,,0.0,0.0,0.0,0.0,,,0.0,0.0,0.0,,,,0.0,0.0,0.0,,,,
attitude1,0.28679272458642546,0.0,0.0,0.6298309840564519,0.0,0.260424192441614,0.3616428588447756,0.0,0.2210834132677924,0.36507926605530155,0.2682660186569843,0.0,0.1663885313804677,0.0,0.0,0.0,0.0,0.0,,0.0,0.0,0.2251722451375501,1.0,0.0,0.0,0.24269318980949395,0.0,0.1082573156723604,0.0,0.0,0.0,0.10811678092880159,0.0,1.0,0.0,0.0,0.2650001574424823,1.0,0.0,0.2129809950496951,0.0,,0.08264345210341768,0.0,0.0,0.0,0.0,0.0,0.0,0.0,0.0,0.0,0.0,0.14372592834770603,0.0,0.2228422061839843,0.26034961488423797,0.0,1.0,0.16429078012111184,0.24912359140005125,0.0,0.0,0.0,1.0,0.49436326507848166,0.0,0.016484184210917192,0.0,0.10554747844245708,0.3042163390677014,0.21831964066454088,0.1695465345282392,0.0,0.0,0.4077323067544534,0.3902118443649318,0.334980938477198,0.2056360716452564,0.4058425413380139,0.04930182400463618,0.11177172891845852,0.6840296860376492,0.7064327625233662,0.6470946296455381,0.0,0.0,0.33276377490155257,0.57087227808799,0.2515834263569404,0.0,0.0
attitude2,0.330564085113538,0.0,0.3817483967254399,0.0,0.1808571814461652,0.298893515885677,0.0,0.31462199866952273,0.27849157772583677,0.35793343223341906,0.10419822509329191,0.0,0.3434711830517114,0.3902141844775947,0.7308524522526367,0.13206650628820135,0.0,0.0,,0.0,0.0,0.0,1.0,0.7375168153530809,0.2243969285824314,0.47382786594985227,0.3031341543327951,0.48067412207643817,0.0,0.2665963615448305,0.0,0.6144914770795976,0.0,1.0,0.3969234686328934,0.3230346852336307,0.680900553785809,1.0,0.26724749723964236,0.519514893998853,0.19503447500832582,0.0,0.32712411924918305,0.367094149789649,0.728075455661591,0.728075455661591,0.12693254312703753,0.2149720565785257,0.5612060211323391,0.728075455661591,0.6492624233746329,0.6442746986216008,0.17451892841798858,0.5660688114248157,0.6327290927362987,0.37342352651864474,0.25964211777487917,0.0,1.0,0.0,0.35004715250760926,0.0,0.0,0.0,0.49436326507848166,1.0,0.6218759712161936,0.48568576994664064,0.0,0.22334215220130743,0.0,0.0,0.3973076486017586,0.1603150459293518,0.1015948100861081,0.0,0.0,0.4754569039069667,0.38216528446391446,0.0,0.1451882832590864,0.3453125381786759,0.0,0.31697352095741943,0.0,0.0,0.05459273604216592,0.0,0.0,0.0,0.0,0.0
attitude3[rule_of_law],0.12130204856739159,0.5880669791104043,0.0,0.08169391075383545,0.5347440966553081,0.1227067962188819,0.0,0.06474440660205766,0.0,0.3030557479693069,0.0,0.0,0.1508716604750983,0.0,0.0,0.37538499540157444,0.0,0.0,0.0,0.0,0.0,0.0,1.0,0.0,0.08760064716755672,0.1357103059874472,0.0,0.0,0.26038733366477157,0.0,0.0,0.08596412044771534,0.0,,0.3322693709992773,0.0,0.12073177088023637,1.0,0.34286375563807747,0.24089515191918648,0.0,,0.0,0.0,0.0,0.0,0.0,0.1252087525571995,0.23342084398367666,0.0,0.0,0.0,0.07708731037189952,0.04872018381027057,0.0,0.19014544455152754,0.4192921096789532,0.0,,0.0,0.0,0.0,0.0,,0.0,0.6218759712161936,1.0,0.8789828079975273,0.0,0.0,0.0,0.6586385881230026,0.0,0.2358207589318684,0.20794866033672038,0.28099658345016465,0.30432978372549907,0.3206650382735231,0.3916041288119504,0.29394469149847235,0.22816053542416595,0.33625218062294326,0.0,0.3662842715078343,0.0,0.6199764165713642,0.31733965743605447,0.2965600979906221,0.0,0.7311388281598636,0.0,0.0
attitude3[civil_liberties],0.0,0.598918388957973,0.0,0.0,0.46560602804591505,0.22973615574479223,0.0,0.0,0.09543031031250032,0.03639133298149731,0.0,0.0,0.0,0.0,0.0,0.2387868141775349,0.0,0.0,0.0,0.0,0.0,0.0,1.0,0.29042211511617344,0.0,0.0,0.0,0.0,0.0,0.0,0.0,0.21165288650086894,0.0,1.0,0.0,0.22005265215629966,0.0,1.0,0.08880335321202493,0.0,0.21786851602116855,0.0,0.0,0.0,0.0,0.0,0.18943405303018038,0.249490591865281,0.5833322943633523,0.0,0.0,0.13233211187135294,0.07726200915370945,0.3730523099804164,0.13171514451938274,0.6494419509527257,0.0,0.4421471101476107,,0.0,0.0,0.0,0.0,0.0,0.016484184210917192,0.48568576994664064,0.8789828079975273,1.0,0.1515232713512825,0.0,0.0,0.8130563524001566,0.0,0.0,0.0,0.0,0.0,0.49612701085554656,0.0,0.0,0.11799823773125341,0.5830571613594422,0.0,0.2286553554973317,0.0,0.0,0.5972416867567713,0.20824390820409788,0.0,0.9777627355056739,0.0,0.0
attitude3[effectiveness_of_intel],0.10160478059129036,0.0,0.0,0.0,0.06366233563308042,0.0,0.0,0.22526267838052932,0.0,0.0,0.0,0.0,0.0,0.4422475355171076,0.21975551538526888,0.1828894082227718,0.0,0.0,0.21975551538526888,0.0,0.21975551538526888,0.0,1.0,0.1692943061396873,0.09456198086678541,0.0,0.2571321746000089,0.0,0.0,0.12424755083079082,0.0,0.2017483901530772,0.0,1.0,0.39784396970461244,0.0,0.0,1.0,0.7864329508469279,0.8037197556602915,0.7548825945727983,,0.0,0.0,0.1345244549749727,0.1345244549749727,0.07596841473618828,0.2580542997876587,0.6345966480053826,0.1345244549749727,0.5648902444313323,0.49339992384421616,0.10759354710156234,0.534701349081821,0.5417519385786173,0.3734403177261313,0.40897436618411404,0.33794551316904525,,0.12785204970938532,0.0,0.1278520497093854,0.0,,0.0,0.0,0.0,0.1515232713512825,1.0,0.4288853325412774,0.0,0.0,0.0,0.4620672871002318,0.11669061872780143,0.0,0.0,0.3206650382735228,0.0,0.11003139828008707,0.24529060550485376,0.0,0.0,0.13484897205315055,0.0,0.0,0.0,0.0,0.0,0.5885345116435741,0.0,0.0
attitude3[legitimacy_of_intel],0.0,0.0,0.2710844300055762,0.0,0.22579121679422592,0.4078424712237637,0.0,0.0,0.0,0.0,0.0,0.0,0.0,0.26774754383518845,0.0,0.1553145911560504,0.0,0.0,0.0,0.10522148288254225,0.0,0.0,1.0,0.0,0.1064136106821556,0.0,0.2287728578273111,0.0,0.0,0.0,0.0,0.10232064899038698,0.0,1.0,0.27949699948820617,0.0,0.0,1.0,0.0,0.0,0.3535532606164858,,0.0,0.0,0.0,0.0,0.16366665314470108,0.21634878080773506,0.36892414081843555,0.0,0.0,0.23727559407604248,0.0,0.1933104477077274,0.0,0.5566310324920811,0.11899539780569142,0.7603265292059578,1.0,0.0,0.0,0.0,0.07697308340885273,0.0,0.10554747844245708,0.22334215220130743,0.0,0.0,0.4288853325412774,1.0,0.0,0.0,0.0,0.0,0.0,0.12777045781158822,0.0,0.0,0.18381213146881983,0.03235079862083293,0.31147895317739255,0.7473287312947186,0.1677227113727339,0.49964663545802734,0.10923106419319537,0.14455581998744343,0.3378903173479771,0.0,0.08689126295246455,0.2619692798793496,0.0,0.0
attitude3[trust_in_intel],0.0,0.0,0.0,0.37005869454538104,0.06366233563308042,0.0,0.06590953897610269,0.0,0.0,0.0,0.29166044750804476,0.0,0.0,0.0,0.21975551538526888,0.0,0.0,0.0,0.21975551538526888,0.0,0.21975551538526888,0.0,,0.4078905903578238,0.15835899226346284,0.0,0.2998277587415209,0.13577136285595198,0.0,0.18184623865699076,0.0,0.1616149022413467,0.0,,0.0,0.20957120817572641,0.05609008126208231,,0.0,0.1971558124260713,0.0,,0.0,0.0,0.1969332925122496,0.1969332925122496,0.10993811312385951,0.29770741737261197,0.2521511967705354,0.1969332925122496,0.07788868249882265,0.0,0.0,0.0,0.0,0.8327220598965508,0.18790419114523293,0.3646280705352661,,0.19250611749578356,0.0,0.1925061174957834,0.0,,0.3042163390677014,0.0,0.0,0.0,0.0,0.0,1.0,0.0,0.0,0.0,0.0,0.3592282174438157,0.3273162361577142,0.0,0.0,0.0,0.2657360405719838,0.0,0.4257071479661051,0.0,0.0,0.0,0.17739112389025286,0.17461136721185294,0.0,0.0,0.17122102437698614,0.0
attitude3[critique_of_intel],0.0,0.40335723561553677,0.1412612498617362,0.0,0.3381112004771027,0.28715661369302403,0.0,0.11725930152800959,0.0,0.0,0.0,0.0,0.0,0.0,0.0,0.0,0.0,0.0,0.0,0.0,0.0,0.0,1.0,0.401295812690397,0.0880409244359427,0.0,0.0,0.0,0.08876021550389186,0.0,0.0,0.18678981342165896,0.0,1.0,0.26674753542557633,0.0,0.0,1.0,0.2746745170766082,0.02440582315540632,0.8131969216517692,,0.0,0.0,0.0,0.0,0.09799421132196338,0.1190095248883648,0.3718769885393741,0.0,0.0,0.0,0.0784699006954255,0.4410749511089274,0.0,0.51016331376686,0.07267513122624306,0.43652459313166914,1.0,0.0,0.017171261574685952,0.0,0.0,0.0,0.21831964066454088,0.0,0.6586385881230026,0.8130563524001566,0.0,0.0,0.0,1.0,0.0,0.0,0.0,0.0,0.5209201239020529,0.0,0.21272712867279678,0.0,0.0,0.781768905212931,0.34776396165270934,0.0,0.0,0.348313301458437,0.0,0.0,0.0,0.0,0.1186297100449353,0.0
attitude3[prefer_not_to_say],0.0,0.0,0.0,0.0,0.0,0.8275885589621303,0.0,0.0,0.0,0.14657117938358474,0.14046113231999133,0.0,0.0,0.0,0.4878176618060086,0.0,0.3106498323478277,0.0,0.4878176618060086,0.0,0.4878176618060086,0.21471594593363622,,0.0,0.0,0.0,0.0,0.0,0.0,0.14641560363239733,0.0,0.0,,,0.0,0.15194922184341877,0.0,,0.0,0.2284089433052305,0.6391601981776189,,0.0,0.26473428293629775,0.46252481037590376,0.46252481037590376,0.0,0.0,0.0,0.46252481037590376,0.0,0.0,0.0,0.0,0.0,0.0,0.0,0.0,,0.4610049043768062,0.0,0.46100490437680597,0.0,,0.1695465345282392,0.3973076486017586,0.0,0.0,0.0,0.0,0.0,0.0,1.0,0.0,0.0,0.0,0.0,0.0,0.28702987695517623,0.0,0.47413192085446787,0.43706109173869595,0.0,0.3013450188842277,0.48159536780099926,0.0,0.0,0.05952144067366574,0.0,0.5885345116435741,0.0,0.0
attitude4[1],0.0,0.24971211361974863,0.2581359558948587,0.5595035924622194,0.2995965990837773,0.3237691560436366,0.21279121569102058,0.332656131723458,0.0,0.0,0.5442656267600344,0.0,0.0,0.6684264629777474,0.16331470844445262,0.0,0.16331470844445262,0.6580770353105541,,0.024169455331252986,0.0,0.0,1.0,0.36168565683152737,0.32788779290747905,0.0,0.433695705070267,0.0,0.31674858944102696,0.4461076422277251,0.3910944956256803,0.0,0.0,1.0,0.37871142021010684,0.0,0.33253645505792273,1.0,0.0,0.0,0.0,0.0,0.0,0.0,0.14231261285499702,0.14231261285499702,0.0,0.0,0.0,0.14231261285499702,0.0,0.11454709096714655,0.0,0.0,0.0,0.0,0.0,0.4233199371860532,,0.0,0.0,0.0,0.0,0.0,0.0,0.1603150459293518,0.2358207589318684,0.0,0.4620672871002318,0.0,0.0,0.0,0.0,1.0,0.4468029339470053,0.40322189494345645,0.31054857669741814,0.0,0.5478192269851098,0.25776611041337555,0.7966393696928697,0.0,0.8113333316553485,0.5365961170952647,0.0,0.7918050830507601,0.0,0.0,0.0,0.24630168544568892,0.23084213106488788,0.24971211361974888
attitude4[2],0.34619345591371103,0.3330131051586109,0.0,0.018830849445767576,0.21015581052380686,0.38701797138315075,0.0,0.0,0.0,0.3163499139863814,0.0,0.7207728174393394,0.17249312799512742,0.0,0.0,0.15049529189848682,0.0,0.0,,0.1092276018755739,0.0,0.0,1.0,0.0,0.0,0.1854098001734776,0.0,0.0,0.0,0.0,0.0,0.0,0.0,1.0,0.0,0.0,0.2381353394403054,1.0,0.27179385566079894,0.3641392925436526,0.0,,0.5434252733690099,0.0,0.0,0.0,0.0,0.0,0.29392037640646806,0.0,0.2208947652459486,0.10427210165836014,0.0,0.0,0.0,0.0,0.0,0.28303470943146375,1.0,0.1992421610713862,0.07769237836209224,0.0,0.0,0.0,0.0,0.1015948100861081,0.20794866033672038,0.0,0.11669061872780143,0.0,0.0,0.0,0.0,0.4468029339470053,1.0,0.4172703329661925,0.4479121744431117,0.3570877267181967,0.7399827959938099,0.0,0.11624744733703639,0.31717088037296215,0.3687519975742913,0.502330035269472,0.6661693517279844,0.0,0.3517659803079424,0.0,0.0,0.0,0.40105291773673357,0.33301310515861104
attitude4[3],0.0,0.0,0.43407164158322864,0.6447463904906233,0.0,0.0,0.11387934968049954,0.3839830021187343,0.0,0.0,0.0,0.0,0.0,0.0,0.0,0.0,0.0,0.3209850464626172,,0.0,0.0,,1.0,0.0,0.0,0.3363937380532567,0.502221408884141,0.30183889433870176,0.6585235925896157,0.22797404238248567,0.13235906125982205,0.4387745025892626,0.0,1.0,0.0,0.28701550071421,0.0,1.0,0.33943322343216187,0.3562564310149958,0.32894622994028294,,0.2395977302089904,0.0,0.6449683254417994,0.6449683254417994,0.24582314270851297,0.20517625175445664,0.24488316642150146,0.6449683254417994,0.38894393375883757,0.4843253622978409,0.38368800394244484,0.534891669277323,0.35632216127949384,0.0,0.0,0.5468792597906329,1.0,0.0,0.539498977711251,0.0,0.36689437910686595,0.0,0.4077323067544534,0.0,0.28099658345016465,0.0,0.0,0.12777045781158822,0.3592282174438157,0.0,0.0,0.40322189494345645,0.4172703329661925,1.0,0.11349626344852737,0.0,0.32073742125086807,0.0,0.0,0.0,0.41668425511403123,0.0,0.7971859441002351,0.501970530110093,0.4951350693289645,0.0,0.0,0.33976980455876593,0.0,0.0
attitude4[4],0.5063449051052742,0.36952738247537203,0.4267694167851372,0.24454718123381863,0.0,0.0,0.0,0.0,0.13895967487358793,0.0,0.0,0.7861927635159001,0.0,0.0,0.0,0.0,0.0,0.4204967233418794,,0.0,0.20274217700981115,,1.0,0.32935543400774203,0.702843033296953,0.0,0.0,0.0,0.0,0.0,0.0,0.0,0.0,1.0,0.3165686161392306,0.15873063673656532,0.20021274042361856,1.0,0.0,0.0,0.0,,0.0,0.8021188782563652,0.0,0.0,0.0,0.0,0.0,0.0,0.24293499625163106,0.250453386553049,0.0,0.0,0.0,0.0,0.0,0.0,0.0,0.3986164995970982,0.3986164995970981,,0.12973831099344235,0.0,0.3902118443649318,0.0,0.30432978372549907,0.0,0.0,0.0,0.3273162361577142,0.5209201239020529,0.0,0.31054857669741814,0.4479121744431117,0.11349626344852737,1.0,0.5883405452320191,0.6742859281799556,0.4064131383909304,0.0,0.32611137273950047,0.0,0.0,0.0,0.0,0.4065681469177473,0.28093413761350816,0.38812850791263315,0.0,0.4654696047604782,0.36952738247537176
attitude4[5],0.0,0.28769595481659876,0.0,0.0,0.5081811882240563,0.6576135154157556,0.0,0.3981715627248267,0.1923386223220453,0.542514651738043,0.0,0.0,0.5267329117338134,0.0,0.0,0.0,0.0,0.0,,0.0,,,1.0,0.0,0.0,0.38090066745211737,0.0,0.0,0.2503901789309133,0.0,0.3073918284448181,0.0,0.0,,0.0,0.0,0.0,1.0,0.3783100013705724,0.29861522071197805,0.0,,0.3439655241864526,0.6213252596083977,0.0,0.0,0.0,0.0,0.0,0.0,0.0,0.0,0.0,0.0,0.0,0.0,0.0,0.5884483067135255,,0.7977734910329154,0.0,,0.0,,0.334980938477198,0.4754569039069667,0.3206650382735231,0.49612701085554656,0.3206650382735228,0.0,0.0,0.0,0.0,0.0,0.3570877267181967,0.0,0.5883405452320191,1.0,0.0,0.0,0.2133619189110973,0.2471668415331399,0.4776075013527467,0.718861597691608,0.0,0.3673011578313175,0.4449639898640344,0.34980426642212786,0.0,0.5023892880110893,0.0,0.2876959548165987
attitude4[6],0.0,0.32207038924316733,0.04939372792292948,0.33439279835484376,0.0,0.48731101668605503,0.5318144154863382,0.0,0.5911747998993659,0.21638659102922753,0.0,0.789229829205165,0.4229540337968951,0.0,0.48159536780099926,0.0,0.0,0.0,,0.18381213146881983,,,1.0,0.22433506611878526,0.0,0.39846730776571604,0.0,0.2879162654861888,0.0,0.0,0.0,0.0,0.0,,0.0,0.5161842782114441,0.0,1.0,0.0,0.0,0.0,,0.0,1.0,,,0.0,0.0,0.41409088806132327,,0.51884147029968,0.0,0.0,0.0,0.0,0.0,0.0,0.2080705534557433,,,0.48159536780099926,,0.3828346323176484,,0.2056360716452564,0.38216528446391446,0.3916041288119504,0.0,0.0,0.18381213146881983,0.0,0.21272712867279678,0.28702987695517623,0.5478192269851098,0.7399827959938099,0.32073742125086807,0.6742859281799556,0.0,1.0,0.39347676139052096,0.0,0.0,0.18085684223412074,0.0,0.7409338605138592,0.0,0.0,0.0,0.0,0.1927502746959913,0.0,0.32207038924316717
attitude5[1],0.45834630398576376,0.0,0.2765934841106386,0.0,0.0,0.0,0.0,0.03975679917622398,0.0,0.0,0.0,0.0,0.0,0.0,0.0,0.14184055698767523,0.0,0.0,,0.043201533606196905,0.0,0.0,1.0,0.0,0.0,0.3087498968380004,0.0,0.34849642880816456,0.3932453450770926,0.0,0.0,0.0,0.0,1.0,0.6434259320359337,0.0,0.32681420272152206,1.0,0.0,0.0,0.18017157772022757,0.0,0.0,0.5570613079939232,0.0,0.0,0.0,0.0,0.24308789648694654,0.0,0.1929480063313904,0.0,0.17156437029232455,0.0,0.0,0.0,0.0,0.0,1.0,0.0,0.0,1.0,0.6463752533003818,0.0,0.4058425413380139,0.0,0.29394469149847235,0.0,0.11003139828008707,0.03235079862083293,0.0,0.0,0.0,0.25776611041337555,0.0,0.0,0.4064131383909304,0.0,0.39347676139052096,1.0,0.42107469779779144,0.42908567016327115,0.5099930793779781,0.0,0.0,0.5564396049266864,0.3531224261026739,0.0,0.0,0.0,0.14723290426140812,0.0
attitude5[2],0.4925501343243403,0.0,0.0,0.318035268704108,0.0,0.25790115751470455,0.0,0.0,0.0,0.0,0.0,0.6991405761012337,0.8688180939047137,0.0,0.47413192085446787,0.0,0.0,0.7043695158321854,,0.0,0.0,,1.0,0.35151044772708046,0.0,0.0,0.30655472600073563,0.0,0.0,0.44793897806600963,0.4836532314486121,0.2783041810272262,0.0,1.0,0.6020870004286247,0.25543655688561967,0.0,1.0,0.0,0.0,0.39895151421564085,,0.0,0.0,,,0.0,0.0,0.0,,0.0,0.24554471909231487,0.0,0.0,0.0,0.0,0.0,0.0,1.0,0.0,0.0,0.16723429996282485,0.16373150059951783,0.0,0.04930182400463618,0.1451882832590864,0.22816053542416595,0.11799823773125341,0.24529060550485376,0.31147895317739255,0.2657360405719838,0.0,0.47413192085446787,0.7966393696928697,0.11624744733703639,0.0,0.0,0.2133619189110973,0.0,0.42107469779779144,1.0,0.6394555036746147,0.0,0.6609664088023922,0.0,0.7556075037341915,0.0,0.0,0.3200693265176719,0.44029582342141166,0.0,0.0
attitude5[3],0.8152803257084866,0.0,0.27225609498713604,0.4369989043581504,0.0,0.40503449445460893,0.0,0.203748737442243,0.0,0.33508828265093316,0.0763453984654978,0.7640952534678389,0.8578619646429443,0.0,0.0,0.0,0.0,0.38100535988192047,,0.5301554864047311,0.0,,1.0,0.3208764596792792,0.4700227983993065,0.0,0.0,0.0,0.0,0.3268207516602319,0.0,0.0,0.0,1.0,0.3101001485538145,0.0,0.0,1.0,0.0,0.0,0.5818935135163297,0.0,0.30224174395255987,0.0,,,0.0,0.3056775779255147,0.729088796294334,,0.5007685251185455,0.5364632564090716,0.6349427398942082,0.5086544545459162,0.7535156756484798,0.20769606694968745,0.0,0.2566142702311715,1.0,0.0,0.0,0.0,0.13853599782065948,0.0,0.11177172891845852,0.3453125381786759,0.33625218062294326,0.5830571613594422,0.0,0.7473287312947186,0.0,0.781768905212931,0.43706109173869595,0.0,0.31717088037296215,0.0,0.32611137273950047,0.2471668415331399,0.0,0.42908567016327115,0.6394555036746147,1.0,0.14390469698395497,0.3131488270301645,0.38236432493537026,0.506721621144324,0.18246032402660503,0.0,0.0,0.0,0.3653558070445036,0.0
attitude5[4],0.26174381082158366,0.0,0.5392667955739942,0.29241213046453507,0.08332507044565587,0.0,0.29369117062691247,0.354280710225786,0.0,0.14456738674574848,0.70806772596744,0.3860450245128244,0.6966450352887655,0.0,0.0,0.0,0.0,0.0,,0.30662214864094156,,,1.0,0.5910116300675414,0.7112736379814958,0.5861296175565417,0.5779479029821664,0.6385579700442007,0.31681811228736523,0.6153507969564345,0.41012358541392063,0.650497790862531,0.5442990342493695,0.0,0.0,0.0,0.35797373013110856,1.0,0.0,0.0,0.0,,0.5009265647952074,0.0,,,0.0,0.0,0.3936250481893745,,0.0,0.0,0.0,0.0,0.0,0.24891489305380504,0.0,0.0,0.0,0.3484986300444338,0.0,0.0,0.0,,0.6840296860376492,0.0,0.0,0.0,0.0,0.1677227113727339,0.4257071479661051,0.34776396165270934,0.0,0.8113333316553485,0.3687519975742913,0.41668425511403123,0.0,0.4776075013527467,0.18085684223412074,0.5099930793779781,0.0,0.14390469698395497,1.0,0.3348977197933383,0.2023507373296355,0.0,0.6436842405215598,0.05066158470075658,0.0,0.6077308545960106,0.0,0.0
attitude5[5],0.22696164634542457,0.0,0.0,0.24114373392872232,0.4129278980064323,0.7585616046971441,0.0,0.2282373455050545,0.0,0.5472136980725496,0.0,0.20285056418491346,0.0,0.3639966530944857,0.13484897205315055,0.0,0.0,0.0,,0.14021596840591952,,,1.0,0.0,0.0,0.0,0.0,0.0,0.25223738873772505,0.0,0.0,0.0,0.5982594463759485,,0.23374006726265154,0.4829128423030816,0.13884928201973495,1.0,0.0,0.1874798709430703,0.3846473607675348,,0.33350322129929943,0.0,,,0.0,0.13484897205315036,0.4948397108420517,,0.0,0.3481848854316352,0.0,0.0,0.0,0.0990768173016529,0.0,0.0,0.0,0.0,0.3013450188842276,,0.7693059238675862,,0.7064327625233662,0.31697352095741943,0.3662842715078343,0.2286553554973317,0.13484897205315055,0.49964663545802734,0.0,0.0,0.3013450188842277,0.5365961170952647,0.502330035269472,0.0,0.0,0.718861597691608,0.0,0.0,0.6609664088023922,0.3131488270301645,0.3348977197933383,1.0,0.7171510905010898,0.2410800980866084,0.7774725338703224,0.0,0.0,0.48731894663923336,0.0,0.0
attitude5[6],0.0,0.3081236291820791,0.0,0.7326629294777759,0.0,0.371035079921966,0.0,0.4895083826089143,0.0,0.0,0.0,0.8391631103621006,0.32335864008212584,0.0,0.0,0.0,0.0,0.0,,0.0,,,1.0,0.0,0.0,0.6147848388299927,0.0,0.7033465679924392,0.0,0.4149513677218064,0.0,0.6081221115991041,0.9255675599033469,,0.0,0.0,0.42761387540827905,1.0,0.0,0.0,0.6546367945950194,,0.0,0.5508697580243211,,,0.0,0.0,0.7077850670720655,,0.2062637117661729,0.34323552044526306,0.3432355204452626,0.347604403173411,0.0,0.0,0.0,0.0,0.0,0.48159536780099926,1.0,,1.0,,0.6470946296455381,0.0,0.0,0.0,0.0,0.10923106419319537,0.0,0.0,0.48159536780099926,0.0,0.6661693517279844,0.7971859441002351,0.0,0.0,0.7409338605138592,0.0,0.0,0.38236432493537026,0.2023507373296355,0.7171510905010898,1.0,0.0,0.5812706183430358,0.0,0.0,0.0,0.0,0.308123629182079
attitude6[1],0.7517892533429016,0.0,0.385967511204297,0.0,0.0,0.24869302291686307,0.21389477705650484,0.27351197915318043,0.0,0.0,0.0,0.8508146109971424,0.49507075570309295,0.12957242204412334,0.0,0.12326166537047364,0.0,0.610586465012157,,0.0,,0.24469224717799273,1.0,0.0,0.527246432329534,0.6285875140787666,0.0,0.3314317187142109,0.20155782787832308,0.2553374392950895,0.24125200184867934,0.0,0.8265661482258209,1.0,0.4672439054232605,0.059710014052928945,0.0,1.0,0.33168811989070424,0.3317359739337718,0.0,0.0,0.0,0.0,0.0,0.0,0.7293765541217869,0.0,0.0,0.0,0.0,0.0,0.39097705717742953,0.16828100473923976,0.5092901795452115,0.0,0.0,0.3050990102631357,1.0,0.0,0.331495630679324,0.21175263619605714,0.7498785464918831,0.0,0.0,0.0,0.6199764165713642,0.0,0.0,0.14455581998744343,0.0,0.348313301458437,0.0,0.7918050830507601,0.0,0.501970530110093,0.0,0.3673011578313175,0.0,0.5564396049266864,0.7556075037341915,0.506721621144324,0.0,0.2410800980866084,0.0,1.0,0.7355564523441367,0.5530264136455552,0.0,0.0,0.9233799164827895,0.0
attitude6[2],0.0,0.08235476711837494,0.0,0.0,0.6518596132196848,0.0,0.0,0.0,0.0,0.05670752318775279,0.0,0.8576432487375555,0.0,0.16998646991438932,0.0,0.0,0.3352189427398897,0.0,,0.0,,0.6359800252480223,1.0,0.0,0.0,0.0,0.30696094188553474,0.14707759616082566,0.23475119737720904,0.0,0.0,0.22338741239545412,0.37336740508890937,1.0,0.0,0.0,0.19832012465049814,1.0,0.0,0.0,0.2549698183276646,,0.41712406210493563,0.0,0.0,0.0,0.0,0.128908481529743,0.0,0.0,0.17999996710986124,0.6170043995089002,0.6204475468379093,0.16829133634133295,0.2881990407840347,0.0,0.0,0.0,1.0,0.45716690714165875,0.5647596143487302,0.0,0.3387882226533085,0.0,0.0,0.05459273604216592,0.31733965743605447,0.5972416867567713,0.0,0.3378903173479771,0.17739112389025286,0.0,0.0,0.0,0.3517659803079424,0.4951350693289645,0.4065681469177473,0.4449639898640344,0.0,0.3531224261026739,0.0,0.18246032402660503,0.6436842405215598,0.7774725338703224,0.5812706183430358,0.7355564523441367,1.0,0.7264064650363987,0.33975477739841264,0.46981030653813377,0.0,0.0823547671183753
attitude6[3],0.0,0.0,0.30471638643792376,0.209181112808527,0.3679834001575644,0.0,0.0,0.0,0.0,0.2592013023963924,0.0,0.0,0.0,0.6623497802917171,0.05952144067366574,0.27422028357393213,0.0,0.0,,0.0,,,1.0,0.0,0.0,0.23845282025645406,0.0,0.0,0.2598257131076235,0.0,0.0,0.18503536771769105,0.0,1.0,0.0,0.17944115035005023,0.0,1.0,0.0,0.0,0.0,0.0,0.5640022886525662,0.0,0.0,0.0,0.3389742376407998,0.32220390725682974,0.0,0.0,0.32012719281393015,0.48084071177155063,0.4101688431426895,0.3635336077897983,0.37998814186095947,0.17294609608567027,0.0,0.16663522220153815,1.0,0.0,0.5086992334611168,0.0,0.6016610969881601,0.0,0.33276377490155257,0.0,0.2965600979906221,0.20824390820409788,0.0,0.0,0.17461136721185294,0.0,0.05952144067366574,0.0,0.0,0.0,0.28093413761350816,0.34980426642212786,0.0,0.0,0.0,0.0,0.05066158470075658,0.0,0.0,0.5530264136455552,0.7264064650363987,1.0,0.3227844692124317,0.34934888323158286,0.22037596410226906,0.0
attitude6[4],0.0,0.5427425932038654,0.4007271704582217,0.0,0.7131435481406007,0.0,0.3252795767654954,0.0,0.23066094691407918,0.0,0.21709674479917446,0.0,0.0,0.9752410622338569,0.0,0.5151968304057499,0.0,0.0,,0.7701774502513873,,,1.0,0.0,0.3329975055503186,0.0,0.0,0.3315045234308251,0.0,0.0,0.0,0.0,0.9643654050839517,,0.8056750237533452,0.6505212873383179,0.0,1.0,0.0,0.0,0.13055729416200004,,0.6068791500293724,0.0,,,0.0,0.0,0.0,,0.0,0.0,0.33299750555031804,0.0,0.0,0.0,0.5452853126395338,0.0,0.0,0.3957550600378986,0.0,,0.0,,0.57087227808799,0.0,0.0,0.0,0.0,0.08689126295246455,0.0,0.0,0.0,0.0,0.0,0.0,0.38812850791263315,0.0,0.0,0.0,0.3200693265176719,0.0,0.0,0.0,0.0,0.0,0.33975477739841264,0.3227844692124317,1.0,0.2324633131326763,0.254549173034525,0.5427425932038653
attitude6[5],0.0,0.14008271034280567,0.0,0.49640555947890586,0.0,0.13217293004267627,0.0,0.3344671222887243,0.0,0.0,0.4078482499104268,0.21676929383735993,0.38917508340377477,0.0,0.0,0.0,0.0,0.0,,0.4907064820023076,,,1.0,0.0,0.0,0.17647147623286744,0.6796800572705856,0.44445223832163433,0.706519843456233,0.0,0.0,0.0,0.0,,0.7011317748211491,0.3961071696713842,0.0,1.0,0.0,0.0,0.0,,0.2945124443446205,0.10235609845833911,,,0.18501255253115823,0.5885345116435745,0.05505993081576027,,0.11974539556270132,0.29077102721970394,0.0,0.0,0.0,0.1782890352442828,0.0,0.0,,0.0,0.0,,0.0,,0.2515834263569404,0.0,0.7311388281598636,0.9777627355056739,0.5885345116435741,0.2619692798793496,0.0,0.0,0.5885345116435741,0.24630168544568892,0.0,0.33976980455876593,0.0,0.5023892880110893,0.1927502746959913,0.0,0.44029582342141166,0.0,0.6077308545960106,0.48731894663923336,0.0,0.0,0.46981030653813377,0.34934888323158286,0.2324633131326763,1.0,0.7261748562831937,0.14008271034280587
attitude6[6],0.6600580236493838,0.41317647458353285,0.0,0.0,0.0,0.2454092621255971,0.0,0.5193935902426001,0.3408752877177756,0.0,0.12073805651931867,0.5958942589565669,0.8756726136417888,0.9623669742543483,0.0,0.0,0.0,0.0,,0.0,,,1.0,0.6664824947593087,0.1300012644077726,0.0,0.0,0.0,0.6533673784839238,0.0,0.0,0.0,0.9255675599033469,,0.6002222378958074,0.0,0.0,1.0,0.0,0.0,0.0,,0.48178567962963975,0.0,,,0.6370637575103265,0.0,0.0,,0.4680770063748565,0.0,0.0,0.6551135268315752,0.8367569511269206,0.24558548946828848,0.15545747949942257,0.0,,0.0,0.0,,0.0,,0.0,0.0,0.0,0.0,0.0,0.0,0.17122102437698614,0.1186297100449353,0.0,0.23084213106488788,0.40105291773673357,0.0,0.4654696047604782,0.0,0.0,0.14723290426140812,0.0,0.3653558070445036,0.0,0.0,0.0,0.9233799164827895,0.0,0.22037596410226906,0.254549173034525,0.7261748562831937,1.0,0.4131764745835329
surveytype,0.0,0.775666956831765,0.2495230373243084,0.32718491208226613,0.015301609461705237,0.29420895528443375,0.018876531127228636,0.14716985701708651,0.0,0.2831192431774508,0.08383304668988346,0.8634081899158422,0.23798579886514,0.0,0.0,0.12152858928572981,0.0,0.0,0.0,0.2886145488670253,0.0,0.10395815125424916,1.0,0.09795897635047007,0.0,0.3604664046273783,0.0,0.0,0.2887337226325955,0.2056004358714819,0.02007135123994273,0.0,0.22809662253355084,1.0,0.18845421308040933,0.0,0.0,1.0,0.23771344634396027,0.4276125850133175,0.5025093780173226,,0.46452424340968934,0.0,0.0,0.0,0.09313128676946617,0.08997451130570627,0.0,0.0,0.26856474243246325,0.0,0.08194337552382806,0.0,0.25108526514004226,0.0,0.11267004610685644,0.5004544450844894,,0.0,0.0,0.0,0.34842802309658727,,0.0,0.0,0.0,0.0,0.0,0.0,0.0,0.0,0.0,0.24971211361974888,0.33301310515861104,0.0,0.36952738247537176,0.2876959548165987,0.32207038924316717,0.0,0.0,0.0,0.0,0.0,0.308123629182079,0.0,0.0823547671183753,0.0,0.5427425932038653,0.14008271034280587,0.4131764745835329,1.0
